问题id,问题,FA,SQL结果
0,请帮我计算，在20210105，中信行业分类划分的一级行业为综合金融行业中，涨跌幅最大股票的股票代码是？涨跌幅是多少？百分数保留两位小数。股票涨跌幅定义为：（收盘价 - 前一日收盘价 / 前一日收盘价）* 100%。,在20210105，中信行业分类划分的一级行业为综合金融行业中，涨跌幅最大股票的股票代码是600120，涨跌幅是0.0%。,"[('600120', 0.0)]"
1,湖南长远锂科股份有限公司变更设立时作为发起人的法人有哪些？,N_A,N_A
2,请帮我查询出20210415日，建筑材料一级行业涨幅超过5%（不包含）的股票数量。,20210415日，建筑材料一级行业涨幅超过5%（不包含）的股票数量为2。,"[(2,)]"
3,请查询在2021年度，688338股票涨停天数？   解释：（收盘价/昨日收盘价-1）》=9.8% 视作涨停,在2021年度，688338股票涨停天数是1天。,"[(1,)]"
4,20210304日，一级行业为非银金融的股票的成交量合计是多少？取整。,20210304日，一级行业为非银金融的股票的成交量合计是2627492624股。,"[(2627492624.0,)]"
5,嘉实基金管理有限公司2019年成立了多少基金?,嘉实基金管理有限公司2019年成立了55只基金。,"[(55,)]"
6,云南沃森生物技术股份有限公司负责产品研发的是什么部门？,N_A,N_A
7,2021年三季度，有多少家基金发生了净赎回?总共赎回了多少份额?记得给我四舍五入到小数点后两位哦。,2021年三季度，共有2085家基金发生了净赎回，总共赎回了317373703552.49份。,"[(2085, 317373703552.49)]"
8,"请帮我查询下，在20190605，中信行业分类里一级行业为石油石化行业的所有股票里, 成交金额(元)最多的股票的代码是什么？成交金额是多少？","在20190605，中信行业分类里一级行业为石油石化行业的所有股票里, 成交金额(元)最多的股票的代码是600028，成交金额是488439709.0元。","[('600028', 488439709.0)]"
9,股票002244在20191220日期中的收盘价是多少?（小数点保留3位）,股票002244在20191220日期中的收盘价是4.670元。,"[(4.67,)]"
10,本次发行前，大连派思燃气系统股份有限公司的控股股东持有公司的多少股份？占公司总股份的多少？,N_A,N_A
11,请问2019年三季度有多少家基金是净申购?它们的净申购份额加起来是多少?请四舍五入保留小数点两位。,2019年三季度有445家基金是净申购，它们的净申购份额加起来是95620586764.09份。,"[(445, 95620586764.09)]"
12,帮我查一下湘财长弘灵活配置混合A基金在20210419的资产净值和单位净值是多少?,"帮我查一下湘财长弘灵活配置混合A基金在20210419的资产净值和单位净值是多少?
资料：[(56644199.77, 1.0421, '湘财长弘灵活配置混合A')]答案：湘财长弘灵活配置混合A基金在20210419的资产净值是56644199.77元，单位净值是1.0421元。","[(56644199.77, 1.0421, '湘财长弘灵活配置混合A')]"
13,近三年，广东银禧科技股份有限公司总资产周转率分别为多少？,N_A,N_A
14,我想知道安信稳健回报6个月持有期混合A基金在20211231的年报(含半年报)中，其可转债持仓占比最大的是哪个行业？用中信一级行业来统计。,用中信一级行业统计，安信稳健回报6个月持有期混合A基金在20211231的年报(含半年报)中，其可转债持仓占比最大的是银行行业。,"[('银行',)]"
15,云南沃森生物技术股份有限公司生产的A、C脑膜炎球菌多糖结合疫苗产品具有哪些较强的竞争优势？,N_A,N_A
16,根据联化科技股份有限公司招股意见书，精细化工产品的通常利润率是多少？,N_A,N_A
17,各报告期末，江苏旷达汽车织物集团股份有限公司存货分别为多少万元？占流动资产的比例分别多少？,N_A,N_A
18,2019年中期报告里，华夏基金管理有限公司管理的基金中，机构投资者持有份额比个人投资者多的基金有多少只?,2019年中期报告里，华夏基金管理有限公司管理的基金中，机构投资者持有份额比个人投资者多的基金有7只。,"[(7,)]"
19,"假设股票日收益率计算公式为：日收益率 = （当日收盘价-昨收盘价）/昨收盘价。请帮我找到在2021年，申万行业分类行业划分标准,银行一级行业中, 代码为多少的股票的日均收益率最高？",在2021年，申万行业分类行业划分标准，银行一级行业中，代码为601528的股票的日均收益率最高，为0.372%。,"[('601528', 0.37194413515390745)]"
20,在20201022，按照中信行业分类的行业划分标准，哪个一级行业的A股公司数量最多？,在20201022，按照中信行业分类的行业划分标准，机械一级行业的A股公司数量最多，为516家。,"[('机械', 516)]"
21,华瑞电器股份有限公司获得多少项国内专利？其中有多上项发明专利？,N_A,N_A
22,我想知道招商安润灵活配置混合A基金，在2021年半年度报告中，前10大重仓股中，有多少只股票在报告期内取得正收益。,在2021年半年度报告中，招商安润灵活配置混合A基金的前10大重仓股中有8只股票在报告期内取得正收益。,"[(8,)]"
23,帮我查询在2020年12月31日，代码为007678的基金前20大重仓股票中属于中信二级照明电工及其他行业的平均市值是多少？小数点后保留不超过3位。,在2020年12月31日，代码为007678的基金前20大重仓股票中属于中信二级照明电工及其他行业的平均市值是2238220.000元。,"[(2238220.0,)]"
24,深圳信立泰药业股份有限公司注射用头孢西丁钠（信希汀、1.0克装）在2006 年、2007 年、2008 年、2009 年1-6 月的最高零售价格分别为多少？,N_A,N_A
25,请帮我查询出20190121日，非银行金融一级行业涨幅超过5%（不包含）的股票数量。,20190121日，非银行金融一级行业涨幅超过5%（不包含）的股票数量为1。,"[(1,)]"
26,请查询：在20190118，属于申万二级银行行业的A股股票，它们的平均成交金额是多少？小数点后保留不超过5位。,在20190118，属于申万二级银行行业的A股股票，它们的平均成交金额是456321251.10000元。,"[(456321251.1,)]"
27,中国铁路通信信号股份有限公司的主要经营模式是怎样的？,N_A,N_A
28,请查询：在2021的年度报告中，个人投资者持有基金份额大于机构投资者持有基金份额的基金属于货币型类型的有几个。,在2021的年度报告中，个人投资者持有基金份额大于机构投资者持有基金份额的基金属于货币型类型的有10个。,"[(10,)]"
29,我想知道圆信永丰高端制造混合基金，在2020年半年度报告中，前10大重仓股中，有多少只股票在报告期内取得正收益。,在2020年半年度报告中，圆信永丰高端制造混合基金的前10大重仓股中有9只股票在报告期内取得正收益。,"[(9,)]"
30,在2019年的中期报告里，金鹰基金管理有限公司管理的基金中，有多少比例的基金是个人投资者持有的份额超过机构投资者？希望得到一个精确到两位小数的百分比。,在2019年的中期报告里，金鹰基金管理有限公司管理的基金中，有75.00%的比例的基金是个人投资者持有的份额超过机构投资者。,"[(75.0,)]"
31,在2019年12月季报中，持有大亚圣象这一股票且市值占基金资产净值比不小于5%的有几只基金？,在2019年12月季报中，持有大亚圣象这一股票且市值占基金资产净值比不小于5%的有1只基金。,"[(1,)]"
32,我想知道在2019年，金信基金管理有限公司已发行的基金中，有多少只基金报告期期初基金总份额小于报告期期末基金总份额(使用每只基金当年最晚的定期报告数据计算)？,在2019年，金信基金管理有限公司已发行的基金中，有3只基金报告期期初基金总份额小于报告期期末基金总份额。,"[(3,)]"
33,报告期内，武汉兴图新科电子股份有限公司来自军用领域的收入占主营业务收入的比重分别是多少？,N_A,N_A
34,根据武汉兴图新科电子股份有限公司招股意向书，电子信息行业的上游涉及哪些企业？,N_A,N_A
35,请查询在2019年度，603789股票涨停天数？   解释：（收盘价/昨日收盘价-1）》=9.8% 视作涨停,在2019年度，603789股票涨停天数是1天。,"[(1,)]"
36,请查询在2020年度，600076股票涨停天数？   解释：（收盘价/昨日收盘价-1）》=9.8% 视作涨停,在2020年度，600076股票涨停天数是2天。,"[(2,)]"
37,广州中海达卫星导航技术股份有限公司本次募集资金主要投资哪些项目？,N_A,N_A
38,"我想了解一下红土创新基金管理有限公司2020年成立的混合型基金,其管理费率的平均值是多少?请四舍五入保留小数点两位。",红土创新基金管理有限公司2020年成立的混合型基金，其管理费率的平均值是0.60%。,"[(0.6,)]"
39,在2008年，东莞勤上光电股份有限公司在景观亮化半导体照明领域的市场占有率为多少？,N_A,N_A
40,湖南南岭民用爆破器材股份有限公司的控股股东是谁？,N_A,N_A
41,在研发方面，上海真兰仪表科技股份有限公司利用哪三地的人才优势，成立研发中心，组建了“三位一体”的研发体系？,N_A,N_A
42,"我想了解博时研究优选灵活配置混合(LOF)A基金,在2021年四季度的季报第3大重股。该持仓股票当个季度的涨跌幅?请四舍五入保留百分比到小数点两位。",在2021年四季度的季报中，博时研究优选灵活配置混合(LOF)A基金的第3大重仓股的简称是万华化学，股票代码代码为600309。该股票当季度涨跌幅为-5.39%,"[('600309', '万华化学', -5.386416861826692)]"
43,我想知道富兰克林国海大中华精选混合(QDII)(美元现汇)在2021年Q2的季报中，该基金的第1大重仓股的代码是什么?,富兰克林国海大中华精选混合(QDII)(美元现汇)在2021年Q2的季报中，该基金的第1大重仓股的代码是00700，股票简称是腾讯控股。,"[('00700', '腾讯控股')]"
44,常熟风范电力设备股份有限公司的机器设备成新率是多少？,N_A,N_A
45,2009年、2010年及2011年，海南双成药业股份有限公司销售费用分别为多少？,N_A,N_A
46,内蒙古君正能源化工股份有限公司的法定代表人是谁？,N_A,N_A
47,联化科技股份有限公司的主营业务包括哪两部分？,N_A,N_A
48,20191231日，宋城演艺在多少只基金的前七大重仓股中？,20191231日，宋城演艺在10只基金的前七大重仓股中。,"[(10,)]"
49,读者出版传媒股份有限公司的主要纸张供应商有哪些？,N_A,N_A
50,2014年大连派思燃气系统股份有限公司经营业绩下降的主要原因是什么？,N_A,N_A
51,2005年、2006年和2007年，宁波立立电子股份有限公司所获政府补助计入当期损益的金额分别占当年利润总额的比例是多少？,N_A,N_A
52,在20190211，按照中信行业分类的行业划分标准，哪个一级行业的A股公司数量最多？,在20190211，按照中信行业分类的行业划分标准，机械一级行业的A股公司数量最多，为549家。,"[('机械', 549)]"
53,帮我查一下在2019年，代码为603199的A股股票今开盘高于昨收盘的天数？,在2019年，代码为603199的A股股票今开盘高于昨收盘的天数是102天。,"[(102,)]"
54,帮我查一下鹏扬景科混合A基金在20201126的资产净值和单位净值是多少?,鹏扬景科混合A基金在20201126的资产净值是668176233.23元，单位净值是1.1144元。,"[(668176233.23, 1.1144, '鹏扬景科混合A')]"
55,请问股票代码为301005的股票在2021年内日成交量低于该股票当年平均日成交量的有多少个交易日？,股票代码为301005的股票在2021年内日成交量低于该股票当年平均日成交量的有91个交易日。,"[(91,)]"
56,我想知道股票000637在申万行业分类下的二级行业是什么？用最新的数据。,根据最新数据，股票000637在申万行业分类下的二级行业是石油化工。,"[('石油化工',)]"
57,请查询：在2020的年度报告中，个人投资者持有基金份额大于机构投资者持有基金份额的基金属于混合型类型的有几个。,在2020的年度报告中，个人投资者持有基金份额大于机构投资者持有基金份额的基金属于混合型类型的有1207个。,"[(1207,)]"
58,帮我查一下在2020年，代码为002868的A股股票今开盘高于昨收盘的天数？,在2020年，代码为002868的A股股票今开盘高于昨收盘的天数是99天。,"[(99,)]"
59,森赫电梯股份有限公司的主营业务是什么？,N_A,N_A
60,多晶硅成本约占宁波立立电子股份有限公司2007年度产品原材料成本的多大比例？,N_A,N_A
61,请查询：在20191129，属于申万二级仪器仪表行业的A股股票，它们的平均成交金额是多少？小数点后保留不超过5位。,在20191129，属于申万二级仪器仪表行业的A股股票，它们的平均成交金额是75707757.00000元。,"[(75707757.0,)]"
62,易方达基金管理有限公司2019年成立了多少基金?,易方达基金管理有限公司2019年成立了57只基金。,"[(57,)]"
63,嘉实基金管理有限公司管理的债券型产品的数量有多少?,嘉实基金管理有限公司管理的债券型产品的数量是36只。,"[(36,)]"
64,我想知道股票002720在申万行业分类下的二级行业是什么？用最新的数据。,根据最新数据，股票002720在申万行业分类下的二级行业是纺织制造。,"[('纺织制造',)]"
65,请帮我查询在截止2021-03-31的基金定期报告中，基金总赎回份额为零的基金有几个？,在截止2021-03-31的基金定期报告中，基金总赎回份额为零的基金有966个。,"[(966,)]"
66,我想知道股票600508在申万行业分类下的二级行业是什么？用最新的数据。,根据最新数据，股票600508在申万行业分类下的二级行业是煤炭开采。,"[('煤炭开采',)]"
67,森赫电梯股份有限公司是否有技术创新方面的认定称号？是什么？,N_A,N_A
68,我想知道2020年的年度报告中，机构投资者持有的份额占比超过30%的基金有多少，并且他们总共持有了多少?记得帮我保留两位小数。,2020年的年度报告中，机构投资者持有的份额占比超过30%的基金有1655只，他们总共持有了2114838198074.30份。,"[(1655, 2114838198074.3)]"
69,珠海健帆生物科技股份有限公司的哪些产品被认定为广东省高新技术产品？,N_A,N_A
70,博时基金管理有限公司管理的股票型产品的数量有多少?,博时基金管理有限公司管理的股票型产品的数量是16只。,"[(16,)]"
71,20211207日，成交金额最大的前三家上市公司的股票代码是什么？按成交金额从大到小给出,20211207日，成交金额最大的前三家上市公司的股票代码从大到小分别是300750，600031和002466。,"[('300750',), ('600031',), ('002466',)]"
72,深圳信立泰药业股份有限公司专门的研发机构信立泰技术中心工作人员中，多大比例的人员为本科以上学历？,N_A,N_A
73,新疆浩源天然气股份有限公司2012 年1-6 月的营业毛利为多少，综合毛利率为多少？,N_A,N_A
74,请帮我查询下股票代码为300873的股票在2021年内最高日收盘价是多少？,股票代码为300873的股票在2021年内最高日收盘价是53.76元。,"[(53.76,)]"
75,请帮我计算，代码为000798的股票，2020年一年持有的年化收益率有多少？百分数请保留两位小数。年化收益率定义为：（（有记录的一年的最终收盘价-有记录的一年的年初当天开盘价）/有记录的一年的当天开盘价）* 100%。,代码为000798的股票，2020年一年持有的年化收益率为86.57%。,"[('000798', 86.57)]"
76,"在20210630的年报(含半年报)中，华夏中债1-3年政策性金融债指数C基金的债券持仓,其持有最大仓位的债券类型是什么?","在20210630的年报(含半年报)中，华夏中债1-3年政策性金融债指数C基金的债券持仓,其持有最大仓位的债券类型是金融债券。","[('金融债券',)]"
77,请查询：在20190510，属于申万二级餐饮行业的A股股票，它们的平均成交金额是多少？小数点后保留不超过5位。,在20190510，属于申万二级餐饮行业的A股股票，它们的平均成交金额是27319513.66667元。,"[(27319513.66667,)]"
78,中国铁路通信信号股份有限公司提供轨道交通控制系统全产业链上的产品及服务，主要业务包括哪些？,N_A,N_A
79,"请帮我查询下在2020年, 农银汇理基金管理有限公司管理的债券型基金中，持有过同业存单的基金有多少只？",在2020年，农银汇理基金管理有限公司管理的债券型基金中，持有过同业存单的基金有4只。,"[(4,)]"
80,在2021年12月年报(含半年报)中，惠升惠民混合A基金持有市值最多的前10只股票中，所在证券市场是中国香港证券交易所的有几个？,在2021年12月年报(含半年报)中，惠升惠民混合A基金持有市值最多的前10只股票中，所在证券市场是中国香港证券交易所的有2个。,"[(2,)]"
81,报告期内确成硅化学股份有限公司 _出口退税率为多少？,N_A,N_A
82,2021年年度报告里，凯石基金管理有限公司管理的基金中，机构投资者持有份额比个人投资者多的基金有多少只?,N_A,N_A
83,20200923日，一级行业为建筑的股票的成交量合计是多少？取整。,20200923日，一级行业为建筑的股票的成交量合计是1397850836股。,"[(1397850836.0,)]"
84,除浙江双飞无油轴承股份有限公司外，具有规模的自润滑轴承生产企业还有哪些？,N_A,N_A
85,深圳信立泰药业股份有限公司主营业务是什么？,N_A,N_A
86,请查询在20190115日期，中信行业分类下轻工制造一级行业中，当日收盘价波动最大（即最高价与最低价之差最大）的股票代码是什么？,在20190115日期，中信行业分类下轻工制造一级行业中，当日收盘价波动最大（即最高价与最低价之差最大）的股票代码是603833。,"[('603833',)]"
87,查询下基金代码008295的基金，它的管理费率是？,基金代码为008295的基金的管理费率是1.2%。,"[('1.2%',)]"
88,湖南南岭民用爆破器材股份有限公司的传统市场是哪里？,N_A,N_A
89,我想知道博远增强回报债券A基金在20200930的季报中，其可转债持仓占比最大的是哪个行业？用申万一级行业来统计。,用申万一级行业统计，博远增强回报债券A基金在20200930的季报中，其可转债持仓占比最大的是农林牧渔行业。,"[('农林牧渔',)]"
90,我想知道在2020年，华润元大基金管理有限公司已发行的基金中，有多少只基金报告期期初基金总份额小于报告期期末基金总份额(使用每只基金当年最晚的定期报告数据计算)？,在2020年，华润元大基金管理有限公司已发行的基金中，有2只基金报告期期初基金总份额小于报告期期末基金总份额。,"[(2,)]"
91,广州中海达卫星导航技术股份有限公司收购的对象中海达测绘的全称是什么？截至该次股权收购前，其注册资本为多少？,N_A,N_A
92,"我想了解广发中证央企创新驱动ETF基金,在2020年一季度的季报第6大重股。该持仓股票当个季度的涨跌幅?请四舍五入保留百分比到小数点两位。",在2020年一季度的季报中，广发中证央企创新驱动ETF基金的第6大重仓股的简称是中国铁建，股票代码代码为601186。该股票当季度涨跌幅为-3.06%。,"[('601186', '中国铁建', -3.06)]"
93,根据华瑞电器股份有限公司招股意见书，截至2016年12月31日，宁波胜克总资产为多少万元？,N_A,N_A
94,近三年，广东银禧科技股份有限公司存货周转率分别是多少？,N_A,N_A
95,武汉兴图新科电子股份有限公司参与制定了哪个技术标准？,N_A,N_A
96,西安启源机电装备股份有限公司的核心产品铁芯剪切设备的收入比重从2007年度和2009年度分别为多少？,N_A,N_A
97,报告期内，湖南国科微电子股份有限公司2014年度、2015年度、2016年度营业收入和净利润分别较上年增长多大幅度？,N_A,N_A
98,在2021年12月季报中，持有完美世界这一股票且市值占基金资产净值比不小于5%的有几只基金？,在2021年12月季报中，持有完美世界这一股票且市值占基金资产净值比不小于5%的有4只基金。,"[(4,)]"
99,2020年年度报告里，兴业基金管理有限公司管理的基金中，机构投资者持有份额比个人投资者多的基金有多少只?,2020年年度报告里，兴业基金管理有限公司管理的基金中，机构投资者持有份额比个人投资者多的基金有14只。,"[(14,)]"
100,20200102日，一级行业为建筑的股票的成交金额合计是多少？取整。,20200102日，一级行业为建筑的股票的成交金额合计是15621610479元。,"[(15621610479.0,)]"
101,请查询：在2020的年度报告中，个人投资者持有基金份额大于机构投资者持有基金份额的基金属于其他型类型的有几个。,在2020的年度报告中，个人投资者持有基金份额大于机构投资者持有基金份额的基金属于其他型类型的有55个。,"[(55,)]"
102,我想知道浙商汇金中高等级三个月定期开放债券C基金在20200630的年报(含半年报)中，其可转债持仓占比最大的是哪个行业？用中信一级行业来统计。,用中信一级行业来统计，浙商汇金中高等级三个月定期开放债券C基金在20200630的年报(含半年报)中，其可转债持仓占比最大的是银行行业。,"[('银行',)]"
103,我想知道在2021年，光大保德信基金管理有限公司已发行的基金中，有多少只基金报告期期初基金总份额小于报告期期末基金总份额(使用每只基金当年最晚的定期报告数据计算)？,在2021年，光大保德信基金管理有限公司已发行的基金中，有7只基金报告期期初基金总份额小于报告期期末基金总份额。,"[(7,)]"
104,我想知道易方达证券保险ETF联接C在2020年Q2的季报中，该基金的第1大重仓股的代码是什么?,易方达证券保险ETF联接C在2020年Q2的季报中，该基金的第1大重仓股的代码是601816，股票简称是京沪高铁。,"[('601816', '京沪高铁')]"
105,昇兴集团股份有限公司本次发行的拟上市证券交易所是？,N_A,N_A
106,2015年度和2016年度，深圳市超频三科技股份有限公司净利润分别同比增长多少？,N_A,N_A
107,请查询：在2019的年度报告中，个人投资者持有基金份额大于机构投资者持有基金份额的基金属于债券型类型的有几个。,在2019的年度报告中，个人投资者持有基金份额大于机构投资者持有基金份额的基金属于债券型类型的有366个。,"[(366,)]"
108,针对2021年的年度报告，有多少家基金的个人投资者持有份额占比不足13%?,针对2021年的年度报告，有740家基金的个人投资者持有份额占比不足13%。,"[(740,)]"
109,"在20210630的年报(含半年报)中，永赢泽利一年定期开放债券基金的债券持仓,其持有最大仓位的债券类型是什么?","在20210630的年报(含半年报)中，永赢泽利一年定期开放债券基金的债券持仓,其持有最大仓位的债券类型是公司债券。","[('公司债券',)]"
110,查询下基金代码009350的基金，它的管理费率是？,基金代码为009350的基金的管理费率为0.3%。,"[('0.3%',)]"
111,平安金管家货币C基金在20210630的季报里，前三大持仓占比的债券名称是什么?,平安金管家货币C基金在20210630的季报里，前三大持仓占比的债券名称是19国开02，20浦发银行CD513和21宁波银行CD164。,"[('19国开02',), ('20浦发银行CD513',), ('21宁波银行CD164',)]"
112,上海真兰仪表科技股份有限公司实际持有的罗德精密的初始工商登记发起人有哪些？,N_A,N_A
113,华瑞电器股份有限公司，宁波胜克2016年度实现净利润为多少万元？,N_A,N_A
114,广发景兴中短债债券A基金在20200930且报告类型是季报的持债市值中，哪类债券市值最高？,广发景兴中短债债券A基金在20200930且报告类型是季报的持债市值中，金融债券市值最高。,"[('金融债券',)]"
115,我想知道股票600322在申万行业分类下的二级行业是什么？用最新的数据。,根据最新数据，股票600322在申万行业分类下的二级行业是房地产开发。,"[('房地产开发',)]"
116,"假设股票日收益率计算公式为：日收益率 = （当日收盘价-昨收盘价）/昨收盘价。请帮我找到在2019年，申万行业分类行业划分标准,休闲服务一级行业中, 代码为多少的股票的日均收益率最高？",在2019年，申万行业分类行业划分标准，休闲服务一级行业中，代码为603869的股票的日均收益率最高，为0.271%。,"[('603869', 0.2705459417942198)]"
117,"请帮我查询在2020年,泓德基金管理有限公司成立哪种类型的基金个数最多?","在2020年,泓德基金管理有限公司成立混合型的基金个数最多。","[('混合型',)]"
118,请查询在20211125日期，中信行业分类下机械一级行业中，当日收盘价波动最大（即最高价与最低价之差最大）的股票代码是什么？,在20211125日期，中信行业分类下机械一级行业中，当日收盘价波动最大（即最高价与最低价之差最大）的股票代码是688169。,"[('688169',)]"
119,20190419日，请给出浦银安盛盛勤3个月定期开放债券C基金的管理人和累计单位净值。,20190419日，浦银安盛盛勤3个月定期开放债券C基金的管理人是浦银安盛基金管理有限公司，累计单位净值是1.0549元。,"[('浦银安盛基金管理有限公司', 1.0549)]"
120,帮我查一下在2021年，代码为600571的A股股票今开盘高于昨收盘的天数？,在2021年，代码为600571的A股股票今开盘高于昨收盘的天数是68天。,"[(68,)]"
121,在2010年，东莞勤上光电股份有限公司在户外半导体照明领域的市场占有率为多少？,N_A,N_A
122,在2019年12月年报(含半年报)中，诺安精选价值混合基金持有市值最多的前10只股票中，所在证券市场是中国香港证券交易所的有几个？,在2019年12月年报(含半年报)中，诺安精选价值混合基金持有市值最多的前10只股票中，所在证券市场是中国香港证券交易所的有4个。,"[(4,)]"
123,在20200424，按照申万行业分类的行业划分标准，哪个一级行业的A股公司数量最多？,在20200424，按照申万行业分类的行业划分标准，机械设备的一级行业的A股公司数量最多，为534家。,"[('机械设备', 534)]"
124,"请查询：2021年12月年报(含半年报),持有20铜陵有色MTN001且是前10大重仓股的基金有几个？","请查询：2021年12月年报(含半年报),持有20铜陵有色MTN001且是前10大重仓股的基金有3个。","[(3,)]"
125,报告期内，汉嘉设计集团股份有限公司期末应收账款相对较高的原因是什么？,N_A,N_A
126,上海真兰仪表科技股份有限公司2020年增资后的投后估值是多少？,N_A,N_A
127,请帮我计算，在20190128，申万行业分类划分的一级行业为食品饮料行业中，涨跌幅最大股票的股票代码是？涨跌幅是多少？百分数保留两位小数。股票涨跌幅定义为：（收盘价 - 前一日收盘价 / 前一日收盘价）* 100%。,在20190128，申万行业分类划分的一级行业为食品饮料行业中，涨跌幅最大股票的股票代码是002946，涨跌幅是10.06%。,"[('002946', 10.063694267515935)]"
128,请帮我计算，在20200521，申万行业分类划分的一级行业为采掘行业中，涨跌幅最大股票的股票代码是？涨跌幅是多少？百分数保留两位小数。股票涨跌幅定义为：（收盘价 - 前一日收盘价 / 前一日收盘价）* 100%。,在20200521，申万行业分类划分的一级行业为采掘行业中，涨跌幅最大股票的股票代码是000655，涨跌幅是4.81%。,"[('000655', 4.81481481481481)]"
129,截至2020年12月31日，湖南长远锂科股份有限公司的控股股东是谁？通过何种方式持有公司多少股权？,N_A,N_A
130,广发稳健增长C基金在20200930的季报里，前三大持仓占比的债券名称是什么?,广发稳健增长C基金在20200930的季报里，前三大持仓占比的债券名称是19国开02，18国开12和18农发12。,"[('19国开02',), ('18国开12',), ('18农发12',)]"
131,深圳市铁汉生态环境股份有限公司的主营业务是什么？,N_A,N_A
132,深圳市超频三科技股份有限公司生产产品所需的主要直接材料有哪些？,N_A,N_A
133,报告期内，确成硅化学股份有限公司对外销售的部分硫酸产品是什么规格？,N_A,N_A
134,森赫电梯股份有限公司与哪些高等教育机构开展合作？,N_A,N_A
135,西安启源机电装备股份有限公司董事是谁？,N_A,N_A
136,2017年1-6月，大博医疗科技股份有限公司向前10名客户的销售额合计占当期营业收入的比例是多少？,N_A,N_A
137,20201014港股下跌的股票家数有多少家?,20201014港股下跌的股票家数有1487家。,"[(1487,)]"
138,在20211030，按照申万行业分类的行业划分标准，哪个一级行业的A股公司数量最多？,在20211030，按照申万行业分类的行业划分标准，机械设备的一级行业的A股公司数量最多，为540家。,"[('机械设备', 540)]"
139,在2021年的年度报告里，博道基金管理有限公司管理的基金中，有多少比例的基金是个人投资者持有的份额超过机构投资者？希望得到一个精确到两位小数的百分比。,在2021年的年度报告里，博道基金管理有限公司管理的基金中，有43.48%的比例的基金是个人投资者持有的份额超过机构投资者。,"[(43.48,)]"
140,南京中电联环保股份有限公司的经营范围是？,N_A,N_A
141,"请帮我查询下，在20210907，申万行业分类里一级行业为钢铁行业的所有股票里, 成交金额(元)最多的股票的代码是什么？成交金额是多少？","在20210907，申万行业分类里一级行业为钢铁行业的所有股票里, 成交金额(元)最多的股票的代码是600010，成交金额是8416441221.0元。","[('600010', 8416441221.0)]"
142,"我想了解一下富国基金管理有限公司2020年成立的混合型基金,其管理费率的平均值是多少?请四舍五入保留小数点两位。",富国基金管理有限公司2020年成立的混合型基金，其管理费率的平均值是1.09%。,"[(1.09,)]"
143,"在20211231的年报(含半年报)中，国寿安保中债-3-5年政策性金融债指数C基金的债券持仓,其持有最大仓位的债券类型是什么?","在20211231的年报(含半年报)中，国寿安保中债-3-5年政策性金融债指数C基金的债券持仓,其持有最大仓位的债券类型是金融债券。","[('金融债券',)]"
144,青海互助青稞酒股份有限公司的主营业务是什么？,N_A,N_A
145,请查询在2019年度，603078股票涨停天数？   解释：（收盘价/昨日收盘价-1）》=9.8% 视作涨停,在2019年度，603078股票涨停天数是12天。,"[(12,)]"
146,湖南国科微电子股份有限公司业务分为哪些产品线？,N_A,N_A
147,请帮我查询下在2020年浙商基金管理有限公司成立的基金中，有多少只基金持仓过可转债债券？,在2020年浙商基金管理有限公司成立的基金中，有4只基金持仓过可转债债券。,"[(4,)]"
148,珠海健帆生物科技股份有限公司的核心技术产品有哪些？,N_A,N_A
149,湖南长远锂科股份有限公司所属细分子行业是什么？,N_A,N_A
150,"请帮我查询在2020年,中航基金管理有限公司成立哪种类型的基金个数最多?","在2020年,中航基金管理有限公司成立债券型的基金个数最多。","[('债券型',)]"
151,请查询在20190724日期，中信行业分类下房地产一级行业中，当日收盘价波动最大（即最高价与最低价之差最大）的股票代码是什么？,在20190724日期，中信行业分类下房地产一级行业中，当日收盘价波动最大（即最高价与最低价之差最大）的股票代码是601155。,"[('601155',)]"
152,帮我查询在2020年12月31日，代码为009704的基金前20大重仓股票中属于中信二级酒类行业的平均市值是多少？小数点后保留不超过3位。,在2020年12月31日，代码为009704的基金前20大重仓股票中属于中信二级酒类行业的平均市值是900322566.003元。,"[(900322566.003,)]"
153,招商基金管理有限公司2020年成立了多少基金?,招商基金管理有限公司2020年成立了70只基金。,"[(70,)]"
154,帮我查一下蜂巢添益纯债债券A基金在20210817的资产净值和单位净值是多少?,蜂巢添益纯债债券A基金在20210817的资产净值是505830430.42元，单位净值是1.0381元。,"[(505830430.42, 1.0381, '蜂巢添益纯债债券A')]"
155,浙江开尔新材料股份有限公司主要消耗的能源是什么？,N_A,N_A
156,"请帮我查询在2019年,海富通基金管理有限公司成立哪种类型的基金个数最多?","在2019年,海富通基金管理有限公司成立债券型的基金个数最多。","[('债券型',)]"
157,云南沃森生物技术股份有限公司的第一个产品是什么？何时上市？,N_A,N_A
158,请查询在20210519日期，中信行业分类下电力设备及新能源一级行业中，当日收盘价波动最大（即最高价与最低价之差最大）的股票代码是什么？,在20210519日期，中信行业分类下电力设备及新能源一级行业中，当日收盘价波动最大（即最高价与最低价之差最大）的股票代码是688390。,"[('688390',)]"
159,请帮我查询在截止2019-12-31的报告期间，基金总份额降低的基金数量是多少？,在截止2019-12-31的报告期间，基金总份额降低的基金数量是853只。,"[(853,)]"
160,湖南南岭民用爆破器材股份有限公司技术中心现有多少研发人员？其中具有高级职称和中级职称的人员分别有多少人？,N_A,N_A
161,请列出国泰基金管理有限公司在2020年成立并且托管人为中国邮政储蓄银行股份有限公司的所有基金的基金托管费率的平均数。,国泰基金管理有限公司在2020年成立并且托管人为中国邮政储蓄银行股份有限公司的所有基金的基金托管费率的平均数是0.05%。,"[(0.05,)]"
162,请帮我查询出20201020日，电力及公用事业一级行业涨幅超过5%（不包含）的股票数量。,20201020日，电力及公用事业一级行业涨幅超过5%（不包含）的股票数量为7。,"[(7,)]"
163,常熟风范电力设备股份有限公司的主营业务是什么？ 是否在报告期内发生重大变化？,N_A,N_A
164,联化科技股份有限公司目前的主要产品是什么？,N_A,N_A
165,依据招股意向书，常熟风范电力设备股份有限公司本次发行股票数量是多少？,N_A,N_A
166,请查询在2019年度，002093股票涨停天数？   解释：（收盘价/昨日收盘价-1）》=9.8% 视作涨停,在2019年度，002093股票涨停天数是6天。,"[(6,)]"
167,在2021年的中期报告里，中信证券股份有限公司管理的基金中，有多少比例的基金是个人投资者持有的份额超过机构投资者？希望得到一个精确到两位小数的百分比。,在2021年的中期报告里，中信证券股份有限公司管理的基金中，有100.00%的比例的基金是个人投资者持有的份额超过机构投资者。,"[(100.0,)]"
168,我想知道鹏扬添利增强债券A基金在20200630的年报(含半年报)中，其可转债持仓占比最大的是哪个行业？用中信一级行业来统计。,用中信一级行业统计，鹏扬添利增强债券A基金在20200630的年报(含半年报)中，其可转债持仓占比最大的是银行行业。,"[('银行',)]"
169,根据大连派思燃气系统股份有限公司招股意向书，预计到2030年，天然气发电用气在天然气消费结构中的比例将上升到多少？,N_A,N_A
170,请列出平安基金管理有限公司在2019年成立并且托管人为兴业银行股份有限公司的所有基金的基金托管费率的平均数。,平安基金管理有限公司在2019年成立并且托管人为兴业银行股份有限公司的所有基金的基金托管费率的平均数是0.1%。,"[(0.1,)]"
171,青海互助青稞酒股份有限公司主要困难是什么？,N_A,N_A
172,广州中海达卫星导航技术股份有限公司的子公司中海达测绘的主营业务是什么？,N_A,N_A
173,"请帮我查询在2020年,信达澳亚基金管理有限公司成立哪种类型的基金个数最多?","在2020年,信达澳亚基金管理有限公司成立混合型的基金个数最多。","[('混合型',)]"
174,兰州海默科技股份有限公司的主营业务有何季节性特征？,N_A,N_A
175,汉嘉设计集团股份有限公司法定代表人是谁？,N_A,N_A
176,浙商智多宝稳健一年持有期混合A基金在20211231且报告类型是季报的持债市值中，哪类债券市值最高？,浙商智多宝稳健一年持有期混合A基金在20211231且报告类型是季报的持债市值中，金融债券债券市值最高。,"[('金融债券',)]"
177,股票000554在20210723日期中的收盘价是多少?（小数点保留3位）,股票000554在20210723日期中的收盘价是4.430元。,"[(4.43,)]"
178,20190726日，一级行业为电力设备的股票的成交量合计是多少？取整。,20190726日，一级行业为电力设备的股票的成交量合计是899465961股。,"[(899465961.0,)]"
179,湖南国科微电子股份有限公司的主营业务是什么？,N_A,N_A
180,20201231日，中国化学在多少只基金的前五大重仓股中？,20201231日，中国化学在3只基金的前五大重仓股中。,"[(3,)]"
181,在2020年7月10日，使用中信行业分类标准，股票代码603801是属于哪个一级行业的?,在2020年7月10日，使用中信行业分类标准，股票代码603801属于轻工制造一级行业。,"[('轻工制造',)]"
182,江苏爱康太阳能科技股份有限公司拥有的参股子公司是哪些？,N_A,N_A
183,我想知道兴全磐稳增利债券C基金在20200930的季报中，其可转债持仓占比最大的是哪个行业？用申万一级行业来统计。,用申万一级行业统计，兴全磐稳增利债券C基金在20200930的季报中，其可转债持仓占比最大的是银行行业。,"[('银行',)]"
184,西安启源机电装备股份有限公司专用设备销售价格波动的主要原因是什么？,N_A,N_A
185,从长期来看，影响烟台杰瑞石油服务集团股份有限公司所处行业景气程度的因素有哪些？,N_A,N_A
186,北京天宜上佳高新材料股份有限公司外购件有哪些？,N_A,N_A
187,我想知道浦银安盛双债增强债券C基金在20200331的季报中，其可转债持仓占比最大的是哪个行业？用申万一级行业来统计。,用申万一级行业统计，浦银安盛双债增强债券C基金在20200331的季报中，其可转债持仓占比最大的是采掘行业。,"[('采掘',)]"
188,在2020年12月季报中，持有东方雨虹这一股票且市值占基金资产净值比不小于5%的有几只基金？,在2020年12月季报中，持有东方雨虹这一股票且市值占基金资产净值比不小于5%的有8只基金。,"[(8,)]"
189,浙江双飞无油轴承股份有限公司目前的主要产品应用在哪些下游领域？,N_A,N_A
190,我想知道博时价值臻选两年持有期灵活配置混合C基金，在2021年年度报告中，前10大重仓股中，有多少只股票在报告期内取得正收益。,在2021年年度报告中，博时价值臻选两年持有期灵活配置混合C基金的前10大重仓股中有9只股票在报告期内取得正收益。,"[(9,)]"
191,20200923港股下跌的股票家数有多少家?,20200923港股下跌的股票家数有1280家。,"[(1280,)]"
192,我想知道凯石沣混合C基金在20201231的季报中，其可转债持仓占比最大的是哪个行业？用申万一级行业来统计。,用申万一级行业统计，凯石沣混合C基金在20201231的季报中，其可转债持仓占比最大的是银行行业。,"[('银行',)]"
193,"我想了解南方益和灵活配置混合基金,在2019年一季度的季报第6大重股。该持仓股票当个季度的涨跌幅?请四舍五入保留百分比到小数点两位。",在2019年一季度的季报中，南方益和灵活配置混合基金的第6大重仓股的简称是爱建集团，股票代码代码为600643。该股票当季度涨跌幅为37.81%。,"[('600643', '爱建集团', 37.81)]"
194,昇兴集团股份有限公司的主要产品是什么？其主要原材料是什么？,N_A,N_A
195,国寿安保泰弘纯债债券基金在20210930的季报里，前三大持仓占比的债券名称是什么?,国寿安保泰弘纯债债券基金在20210930的季报里，前三大持仓占比的债券名称是17国开06，19国泰君安金融债01和18中信银行二级01。,"[('17国开06',), ('19国泰君安金融债01',), ('18中信银行二级01',)]"
196,"请查询：2020年12月年报(含半年报),持有20平安银行CD073且是前10大重仓股的基金有几个？","2020年12月年报(含半年报),持有20平安银行CD073且是前10大重仓股的基金有2个。","[(2,)]"
197,新疆浩源天然气股份有限公司从事的业务具有较为明显的区域性特征，主要体现在什么方面？,N_A,N_A
198,"我想了解一下东方阿尔法基金管理有限公司2020年成立的混合型基金,其管理费率的平均值是多少?请四舍五入保留小数点两位。",东方阿尔法基金管理有限公司2020年成立的混合型基金，其管理费率的平均值是1.20%。,"[(1.2,)]"
199,宁波立立电子股份有限公司本次发行多少股？,N_A,N_A
200,截至2011年，内蒙古君正能源化工股份有限公司正在从事的研发项目有哪些？,N_A,N_A
201,查询下基金代码005137的基金，它的托管人是？,查询下基金代码005137的基金，它的托管人是？,SQL未能成功执行！
202,大连派思燃气系统股份有限公司在哪些年份获得了美国GE公司的奖项？,N_A,N_A
203,20210106日，请给出汇安宜创量化精选混合C基金的管理人和累计单位净值。,20210106日，汇安宜创量化精选混合C基金的管理人是汇安基金管理有限责任公司，累计单位净值是1.5558元。,"[('汇安基金管理有限责任公司', 1.5558)]"
204,请帮我计算，在20210715，中信行业分类划分的一级行业为消费者服务行业中，涨跌幅最大股票的股票代码是？涨跌幅是多少？百分数保留两位小数。股票涨跌幅定义为：（收盘价 - 前一日收盘价 / 前一日收盘价）* 100%。,在20210715，中信行业分类划分的一级行业为消费者服务行业中，涨跌幅最大股票的股票代码是300178，涨跌幅是4.62%。,"[('300178', 4.620462046204625)]"
205,"在20201231的年报(含半年报)中，泰康长江经济带债券C基金的债券持仓,其持有最大仓位的债券类型是什么?","在20201231的年报(含半年报)中，泰康长江经济带债券C基金的债券持仓,其持有最大仓位的债券类型是中期票据。","[('中期票据',)]"
206,森赫电梯股份有限公司境外销售的获客方式有哪些？,N_A,N_A
207,武汉兴图新科电子股份有限公司计划使用本次发行募集资金的多少用于补充流动资金？,N_A,N_A
208,烟台杰瑞石油服务集团股份有限公司在成立以来业务范围如何扩展？,N_A,N_A
209,截至本招股意向书签署日，浙江开尔新材料股份有限公司的全资子公司是哪些？,N_A,N_A
210,我想知道股票300819在申万行业分类下的二级行业是什么？用最新的数据。,根据最新数据，股票300819在申万行业分类下的二级行业是纺织制造。,"[('纺织制造',)]"
211,股票002215在20190228日期中的收盘价是多少?（小数点保留3位）,股票002215在20190228日期中的收盘价是6.240元。,"[(6.24,)]"
212,请问股票代码为002164的股票在2019年内日成交量低于该股票当年平均日成交量的有多少个交易日？,股票代码为002164的股票在2019年内日成交量低于该股票当年平均日成交量的有173个交易日。,"[(173,)]"
213,平安惠添纯债债券基金在20190930的季报里，前三大持仓占比的债券名称是什么?,平安惠添纯债债券基金在20190930的季报里，前三大持仓占比的债券名称是17铜官管廊债，19进出04和国开1801。,"[('17铜官管廊债',), ('19进出04',), ('国开1801',)]"
214,帮我查询在2020年12月31日，代码为011131的基金前20大重仓股票中属于中信二级生物医药Ⅱ行业的平均市值是多少？小数点后保留不超过3位。,在2020年12月31日，代码为011131的基金前20大重仓股票中属于中信二级生物医药Ⅱ行业的平均市值是117079147.500元。,"[(117079147.5,)]"
215,针对欧盟的REACH法规，联化科技股份有限公司计划采取哪些应对措施？,N_A,N_A
216,在2019年11月16日，使用中信行业分类标准，股票代码003004是属于哪个一级行业的?,在2019年11月16日，使用中信行业分类标准，股票代码003004属于电子一级行业。,"[('电子',)]"
217,在燃煤电厂脱硫工程、空气预热器领域，除浙江开尔新材料股份有限公司外，还有哪些主要的竞争企业？,N_A,N_A
218,"我想了解一下红塔红土基金管理有限公司2019年成立的债券型基金,其管理费率的平均值是多少?请四舍五入保留小数点两位。",红塔红土基金管理有限公司2019年成立的债券型基金，其管理费率的平均值是0.30%。,"[(0.3,)]"
219,我想知道股票000809在申万行业分类下的二级行业是什么？用最新的数据。,根据最新数据，股票000809在申万行业分类下的二级行业是房地产开发。,"[('房地产开发',)]"
220,根据招股意向书，预计昇兴集团股份有限公司2015年1-3月实现净利润的范围是？,N_A,N_A
221,请帮我计算，代码为603108的股票，2020年一年持有的年化收益率有多少？百分数请保留两位小数。年化收益率定义为：（（有记录的一年的最终收盘价-有记录的一年的年初当天开盘价）/有记录的一年的当天开盘价）* 100%。,代码为603108的股票，2020年一年持有的年化收益率为11.80%。,"[('603108', 11.8)]"
222,2012年、2013年、2014年，昇兴集团股份有限公司应收账款周转率分别为多少？,N_A,N_A
223,"我想了解一下西部利得基金管理有限公司2020年成立的债券型基金,其管理费率的平均值是多少?请四舍五入保留小数点两位。",西部利得基金管理有限公司2020年成立的债券型基金，其管理费率的平均值是0.44%。,"[(0.44,)]"
224,在2020年5月2日，使用中信行业分类标准，股票代码600483是属于哪个一级行业的?,在2020年5月2日，使用中信行业分类标准，股票代码600483属于电力设备及新能源一级行业。,"[('电力设备及新能源',)]"
225,请帮我查询出20200713日，公用事业一级行业涨幅超过5%（不包含）的股票数量。,20200713日，公用事业一级行业涨幅超过5%（不包含）的股票数量为30。,"[(30,)]"
226,宁波立立电子股份有限公司实际控制人是谁？,N_A,N_A
227,20201231日，轻工制造一级行业有多少只A股股票？,20201231日，轻工制造一级行业有177只A股股票。,"[(177,)]"
228,20200204日，开盘价较上一交易日最高价高的股票有多少只？（如上一交易日没有某只股票，则不统计在内）,20200204日，开盘价较上一交易日最高价高的股票有125只。,"[(125,)]"
229,请帮我查询下，在2019年Q4季报报告中，007837基金的第一大重仓可转债同期还有多少只基金也进行了持仓？,在2019年Q4季报报告中，007837基金的第一大重仓可转债同期还有7只基金也进行了持仓。,"[(7,)]"
230,报告期内大博医疗科技股份有限公司涉诉产品销售收入占公司总营收的比例是多少？,N_A,N_A
231,深圳市超频三科技股份有限公司募集资金的散热器生产基地建设项目建设地在哪里？,N_A,N_A
232,20200706日，一级行业为机械的股票的成交金额合计是多少？取整。,20200706日，一级行业为机械的股票的成交金额合计是63639494351元。,"[(63639494351.0,)]"
233,我想知道2020年的年度报告中，机构投资者持有的份额占比超过75%的基金有多少，并且他们总共持有了多少?记得帮我保留两位小数。,2020年的年度报告中，机构投资者持有的份额占比超过75%的基金有1215只，他们总共持有了2041549126010.78份。,"[(1215, 2041549126010.78)]"
234,嘉实基金管理有限公司管理的其他型产品的数量有多少?,嘉实基金管理有限公司管理的其他型产品的数量是1只。,"[(1,)]"
235,在2020年12月年报(含半年报)中，富安达科技领航混合A基金持有市值最多的前10只股票中，所在证券市场是深圳证券交易所的有几个？,在2020年12月年报(含半年报)中，富安达科技领航混合A基金持有市值最多的前10只股票中，所在证券市场是深圳证券交易所的有7个。,"[(7,)]"
236,"我想了解九泰聚鑫混合C基金,在2020年四季度的季报第1大重股。该持仓股票当个季度的涨跌幅?请四舍五入保留百分比到小数点两位。",在2020年四季度的季报中，九泰聚鑫混合C基金的第1大重仓股的简称是万科A，股票代码代码为000002。该股票当季度涨跌幅为2.43%,"[('000002', '万科A', 2.43)]"
237,我想知道股票300897在申万行业分类下的二级行业是什么？用最新的数据。,根据最新数据，股票300897在申万行业分类下的二级行业是仪器仪表。,"[('仪器仪表',)]"
238,请帮我查询下股票代码为600977的股票在2019年内最高日收盘价是多少？,股票代码为600977的股票在2019年内最高日收盘价是21.64元。,"[(21.64,)]"
239,南京中电联环保股份有限公司科研带头人是？,N_A,N_A
240,湖南南岭民用爆破器材股份有限公司拥有的核心技术有哪些？,N_A,N_A
241,我想知道东方阿尔法优势产业混合C基金，在2021年年度报告中，前10大重仓股中，有多少只股票在报告期内取得正收益。,在2021年年度报告中，东方阿尔法优势产业混合C基金的前10大重仓股中有10只股票在报告期内取得正收益。,"[(10,)]"
242,易方达基金管理有限公司2020年成立了多少基金?,易方达基金管理有限公司2020年成立了65只基金。,"[(65,)]"
243,森赫电梯股份有限公司产品生产材料是什么？,N_A,N_A
244,本次新疆浩源天然气股份有限公司募集资金投资项目有哪些？,N_A,N_A
245,20190723港股下跌的股票家数有多少家?,20190723港股下跌的股票家数有1046家。,"[(1046,)]"
246,在本招股意见书签署的未来两年，新疆浩源天然气股份有限公司在城市管网总长度方面将主要完成的经营目标是什么？,N_A,N_A
247,20210930日，一级行业为机械的股票的成交金额合计是多少？取整。,20210930日，一级行业为机械的股票的成交金额合计是53934559056元。,"[(53934559056.0,)]"
248,20210607日，一级行业为公用事业的股票的成交量合计是多少？取整。,20210607日，一级行业为公用事业的股票的成交量合计是2776473053股。,"[(2776473053.0,)]"
249,内蒙古君正能源化工股份有限公司的注册时间是什么日期？注册资本是多少元？,N_A,N_A
250,我想知道鹏扬景科混合A基金，在2020年半年度报告中，前10大重仓股中，有多少只股票在报告期内取得正收益。,在2020年半年度报告中，鹏扬景科混合A基金的前10大重仓股中有5只股票在报告期内取得正收益。,"[(5,)]"
251,针对2020年的年度报告，有多少家基金的个人投资者持有份额占比不足80%?,针对2020年的年度报告，有826家基金的个人投资者持有份额占比不足80%。,"[(826,)]"
252,我想知道大成高新技术产业股票C基金，在2021年年度报告中，前10大重仓股中，有多少只股票在报告期内取得正收益。,我想知道大成高新技术产业股票C基金，在2021年年度报告中，前10大重仓股中，有多少只股票在报告期内取得正收益。,SQL未能成功执行！
253,帮我查一下在2021年，代码为300238的A股股票今开盘高于昨收盘的天数？,在2021年，代码为300238的A股股票今开盘高于昨收盘的天数是89天。,"[(89,)]"
254,20210121日，开盘价较上一交易日最高价高的股票有多少只？（如上一交易日没有某只股票，则不统计在内）,20210121日，开盘价较上一交易日最高价高的股票有309只。,"[(309,)]"
255,我想知道国寿安保国证创业板中盘精选88ETF基金，在2021年半年度报告中，前10大重仓股中，有多少只股票在报告期内取得正收益。,在2021年半年度报告中，国寿安保国证创业板中盘精选88ETF基金的前10大重仓股中有7只股票在报告期内取得正收益。,"[(7,)]"
256,请帮我查询下股票代码为688010的股票在2019年内最高日收盘价是多少？,股票代码为688010的股票在2019年内最高日收盘价是89.48元。,"[(89.48,)]"
257,我想知道2021年的中期报告中，机构投资者持有的份额占比超过66%的基金有多少，并且他们总共持有了多少?记得帮我保留两位小数。,2021年的中期报告中，机构投资者持有的份额占比超过66%的基金有1387只，他们总共持有了2395476818670.07份。,"[(1387, 2395476818670.07)]"
258,昇兴集团股份有限公司因租赁厂房存在经营风险的下属企业是什么？,N_A,N_A
259,报告期内，华瑞电器股份有限公司人工成本占主营业务成本的比例分别为多少？,N_A,N_A
260,报告期内，武汉兴图新科电子股份有限公司来自军用领域的收入分别是多少？,N_A,N_A
261,内蒙古君正能源化工股份有限公司的董事会成员是谁？,N_A,N_A
262,报告期内，深圳市超频三科技股份有限公司制造费用占主营业务成本比例分别为多少？,N_A,N_A
263,"请帮我查询下，在20200826，申万行业分类里一级行业为综合行业的所有股票里, 成交金额(元)最多的股票的代码是什么？成交金额是多少？","在20200826，申万行业分类里一级行业为综合行业的所有股票里, 成交金额(元)最多的股票的代码是300012，成交金额是596786513.0元。","[('300012', 596786513.0)]"
264,广发招财短债债券A基金在20190930且报告类型是季报的持债市值中，哪类债券市值最高？,广发招财短债债券A基金在20190930且报告类型是季报的持债市值中，中期票据债券市值最高。,"[('中期票据',)]"
265,西安启源机电装备股份有限公司控股子公司是谁？公司持有其多少的股份？,N_A,N_A
266,我想知道浙江浙商证券资产管理有限公司在2019年成立了多少只管理费率小于0.8%的基金？,浙江浙商证券资产管理有限公司在2019年成立了7只管理费率小于0.8%的基金。,"[(7,)]"
267,确成硅化学股份有限公司的子公司无锡东沃经营范围是？,N_A,N_A
268,我想知道2021年的中期报告中，机构投资者持有的份额占比超过15%的基金有多少，并且他们总共持有了多少?记得帮我保留两位小数。,2021年的中期报告中，机构投资者持有的份额占比超过15%的基金有2094只，他们总共持有了2522061727699.16份。,"[(2094, 2522061727699.16)]"
269,创金合信鑫收益灵活配置混合E基金在20190930的季报里，前三大持仓占比的债券名称是什么?,创金合信鑫收益灵活配置混合E基金在20190930的季报里，前三大持仓占比的债券名称是19农业银行CD147，19兴业银行CD054和19浦发银行CD226。,"[('19农业银行CD147',), ('19兴业银行CD054',), ('19浦发银行CD226',)]"
270,南方基金管理股份有限公司2019年成立了多少基金?,南方基金管理股份有限公司2019年成立了66只基金。,"[(66,)]"
271,请问股票代码为002641的股票在2021年内日成交量低于该股票当年平均日成交量的有多少个交易日？,股票代码为002641的股票在2021年内日成交量低于该股票当年平均日成交量的有153个交易日。,"[(153,)]"
272,窦剑文先生持有兰州海默科技股份有限公司多少股权？,N_A,N_A
273,请问股票代码为603679的股票在2021年内日成交量低于该股票当年平均日成交量的有多少个交易日？,股票代码为603679的股票在2021年内日成交量低于该股票当年平均日成交量的有159个交易日。,"[(159,)]"
274,帮我查询在2020年12月31日，代码为008376的基金前20大重仓股票中属于中信二级畜牧业行业的平均市值是多少？小数点后保留不超过3位。,在2020年12月31日，代码为008376的基金前20大重仓股票中属于中信二级畜牧业行业的平均市值是77907468.500元。,"[(77907468.5,)]"
275,"请帮我查询下在2020年, 睿远基金管理有限公司管理的债券型基金中，持有过可转换债券的基金有多少只？",在2020年，睿远基金管理有限公司管理的债券型基金中，持有过可转换债券的基金有4只。,"[(4,)]"
276,2014年度、2015年度以及2016年度湖南国科微电子股份有限公司向前五大客户销售的金额占同期营业收入的比例分别是多少？,N_A,N_A
277,截至2014 年12 月31 日，读者出版传媒股份有限公司共有员工多少人？,N_A,N_A
278,我想知道在20200331的季报里，中银证券价值精选灵活配置混合投资的股票分别是哪些申万一级行业？,在20200331的季报里，中银证券价值精选灵活配置混合投资的股票分别属于以下申万一级行业：电子，计算机，通信，传媒。,"[('电子',), ('计算机',), ('通信',), ('传媒',)]"
279,2020年10月6日，上海真兰仪表科技股份有限公司的注册资本由多少增加到多少？,N_A,N_A
280,华瑞股份发生了几次股权转让？,N_A,N_A
281,请查询：在20201216，属于申万二级房屋建设行业的A股股票，它们的平均成交金额是多少？小数点后保留不超过5位。,在20201216，属于申万二级房屋建设行业的A股股票，它们的平均成交金额是57539317.55000元。,"[(57539317.55,)]"
282,"请查询：2021年12月年报(含半年报),持有17扬城建MTN001且是前10大重仓股的基金有几个？","请查询：2021年12月年报(含半年报),持有17扬城建MTN001且是前10大重仓股的基金有1个。","[(1,)]"
283,查询下基金代码009407的基金，它的托管人是？,查询下基金代码009407的基金，它的托管人是？,SQL未能成功执行！
284,易方达恒盛3个月定期开放混合基金在20200331的季报里，前三大持仓占比的债券名称是什么?,易方达恒盛3个月定期开放混合基金在20200331的季报里，前三大持仓占比的债券名称是19CHNE02，18首开MTN001和20附息国债04。,"[('19CHNE02',), ('18首开MTN001',), ('20附息国债04',)]"
285,湖南长远锂科股份有限公司在高效电池正极材料领域的技术水平如何？掌握了哪些技术？,N_A,N_A
286,浙江开尔新材料股份有限公司实际控制人承诺如何处理因未执行社会保险及住房公积金制度而产生的损失或义务？,N_A,N_A
287,报告期内，山东海看网络科技有限公司的IPTV用户数量如何变化？截至报告期各期末 IPTV业务用户数为多少？,N_A,N_A
288,报告期内山东海看网络科技有限公司因进行宣传和活动策划活动共产生的业务宣传费为多少？,N_A,N_A
289,请帮我计算，在20210719，中信行业分类划分的一级行业为消费者服务行业中，涨跌幅最大股票的股票代码是？涨跌幅是多少？百分数保留两位小数。股票涨跌幅定义为：（收盘价 - 前一日收盘价 / 前一日收盘价）* 100%。,在20210719，中信行业分类划分的一级行业为消费者服务行业中，涨跌幅最大股票的股票代码是300338，涨跌幅是8.73%。,"[('300338', 8.728652751423168)]"
290,2015年度和2016年度，深圳市超频三科技股份有限公司营业收入分别同比变动多少？,N_A,N_A
291,"帮我算一下在20190408,代码为00326的港股日价格振幅是多少，小数点后保留不超过3位。",在20190408，代码为00326的港股日价格振幅是0.020元。,"[(0.02,)]"
292,报告期内，山东海看网络科技有限公司主营业务是什么？,N_A,N_A
293,根据招股意向书，2015年国家下调天然气价格后，对大连派思燃气系统股份有限公司未来经营活动的影响是什么？,N_A,N_A
294,青海互助青稞酒股份有限公司的实际控制人是谁？共有几人？,N_A,N_A
295,20201211港股下跌的股票家数有多少家?,20201211港股下跌的股票家数有1260家。,"[(1260,)]"
296,帮我查一下诺德短债债券C基金在20200331的资产净值和单位净值是多少?,诺德短债债券C基金在20200331的资产净值是100788.34元，单位净值是1.0304元。,"[(100788.34, 1.0304, '诺德短债债券C')]"
297,广发聚荣一年持有期混合C基金在20211231的季报里，前三大持仓占比的债券名称是什么?,广发聚荣一年持有期混合C基金在20211231的季报里，前三大持仓占比的债券名称是19赣州城投MTN001，21长沙高新MTN001A和21浙商银行永续债。,"[('19赣州城投MTN001',), ('21长沙高新MTN001A',), ('21浙商银行永续债',)]"
298,请问2019年二季度有多少家基金是净申购?它们的净申购份额加起来是多少?请四舍五入保留小数点两位。,2019年二季度有250家基金是净申购，它们的净申购份额加起来是40784212401.97份。,"[(250, 40784212401.97)]"
299,"我想了解平安估值精选混合C基金,在2020年三季度的季报第5大重股。该持仓股票当个季度的涨跌幅?请四舍五入保留百分比到小数点两位。",在2020年三季度的季报中，平安估值精选混合C基金的第5大重仓股的简称是恒生电子，股票代码代码为600570。该股票当季度涨跌幅为-8.46%,"[('600570', '恒生电子', -8.458681522748378)]"
300,我想知道在20211231的季报里，中信保诚红利精选混合C投资的股票分别是哪些申万一级行业？,在20211231的季报里，中信保诚红利精选混合C投资的股票分别属于以下申万一级行业：电子，轻工制造，机械设备，公用事业，房地产，化工，银行，医药生物，农林牧渔，电气设备，家用电器，汽车，非银金融，有色金属，建筑装饰，国防军工，交通运输，商业贸易，采掘，建筑材料，纺织服装，食品饮料，休闲服务，钢铁，计算机，传媒。,"[('电子',), ('轻工制造',), ('机械设备',), ('公用事业',), ('房地产',), ('化工',), ('银行',), ('医药生物',), ('农林牧渔',), ('电气设备',), ('家用电器',), ('汽车',), ('非银金融',), ('有色金属',), ('建筑装饰',), ('国防军工',), ('交通运输',), ('商业贸易',), ('采掘',), ('建筑材料',), ('纺织服装',), ('食品饮料',), ('休闲服务',), ('钢铁',)"
301,2021年二季度，有多少家基金发生了净赎回?总共赎回了多少份额?记得给我四舍五入到小数点后两位哦。,2021年二季度，共有2354家基金发生了净赎回，总共赎回了361411252772.73份。,"[(2354, 361411252772.73)]"
302,广州中海达卫星导航技术股份有限公司的国内营销网络有多少个办事处和几家分公司？多少营销服务人员？,N_A,N_A
303,根据东莞勤上光电股份有限公司招股意向书，全球率先整体用LED路灯替换传统路灯的案例是？,N_A,N_A
304,中国铁路通信信号股份有限公司本次发行前总股本为多少？本次发行后本公司总股本为多少？,N_A,N_A
305,什么公司、在何时与浙江双飞无油轴承股份有限公司发生了产品争议事项？产品争议事项是否已经解决？,N_A,N_A
306,深圳信立泰药业股份有限公司本次募集资金项目拟投资总额为多少？,N_A,N_A
307,在2021年12月年报(含半年报)中，宝盈龙头优选股票A基金持有市值最多的前10只股票中，所在证券市场是上海证券交易所的有几个？,在2021年12月年报(含半年报)中，宝盈龙头优选股票A基金持有市值最多的前10只股票中，所在证券市场是上海证券交易所的有4个。,"[(4,)]"
308,请查询在20200623日期，中信行业分类下汽车一级行业中，当日收盘价波动最大（即最高价与最低价之差最大）的股票代码是什么？,在20200623日期，中信行业分类下汽车一级行业中，当日收盘价波动最大（即最高价与最低价之差最大）的股票代码是002594。,"[('002594',)]"
309,我想知道海富通基金管理有限公司在2020年成立了多少只管理费率小于0.8%的基金？,海富通基金管理有限公司在2020年成立了9只管理费率小于0.8%的基金。,"[(9,)]"
310,在2020年12月30日，使用中信行业分类标准，股票代码002319是属于哪个一级行业的?,在2020年12月30日，使用中信行业分类标准，股票代码002319属于基础化工一级行业。,"[('基础化工',)]"
311,请问在休闲服务行业，20190119行业的A股公司有多少?,在休闲服务行业，20190119行业的A股公司有42家。,"[(42,)]"
312,森赫电梯股份有限公司获得多少项国内专利？其中有多上项发明专利？,N_A,N_A
313,股票688200在20200227日期中的收盘价是多少?（小数点保留3位）,股票688200在20200227日期中的收盘价是267.980元。,"[(267.98,)]"
314,江苏爱康太阳能科技股份有限公司注册资本是多少？,N_A,N_A
315,2020年三季度，有多少家基金发生了净赎回?总共赎回了多少份额?记得给我四舍五入到小数点后两位哦。,2020年三季度，共有1554家基金发生了净赎回，总共赎回了506903141085.08份。,"[(1554, 506903141085.08)]"
316,常熟风范电力设备股份有限公司在报告期内的资产总额及逐年变化趋势如何？,N_A,N_A
317,在2019年12月季报中，持有中国移动这一股票且市值占基金资产净值比不小于5%的有几只基金？,在2019年12月季报中，持有中国移动这一股票且市值占基金资产净值比不小于5%的有6只基金。,"[(6,)]"
318,新疆浩源天然气股份有限公司的主要业务是什么？,N_A,N_A
319,帮我查一下南方景气驱动混合A基金在20211213的资产净值和单位净值是多少?,南方景气驱动混合A基金在20211213的资产净值是3356847033.12元，单位净值是0.9794元。,"[(3356847033.12, 0.9794, '南方景气驱动混合A')]"
320,大连派思燃气系统股份有限公司在何时获得美国GE公司的合格供应商认证？,N_A,N_A
321,2020年中期报告里，国泰基金管理有限公司管理的基金中，机构投资者持有份额比个人投资者多的基金有多少只?,N_A,N_A
322,青海互助青稞酒股份有限公司报告期内面临的最重要风险因素是什么？,N_A,N_A
323,我想知道申万菱信量化对冲策略灵活配置混合基金在20211231的年报(含半年报)中，其可转债持仓占比最大的是哪个行业？用中信一级行业来统计。,用中信一级行业统计，申万菱信量化对冲策略灵活配置混合基金在20211231的年报(含半年报)中，其可转债持仓占比最大的是银行行业。,"[('银行',)]"
324,截至2016年6月30日，华达汽车科技股份有限公司及子公司共有技术研发人员多少人？技术研发人占员工总人数的多大比例？,N_A,N_A
325,"请帮我查询下在2021年, 嘉实基金管理有限公司管理的债券型基金中，持有过可交换公司债券的基金有多少只？",在2021年，嘉实基金管理有限公司管理的债券型基金中，持有过可交换公司债券的基金有1只。,"[(1,)]"
326,我想知道海富通安益对冲策略灵活配置混合C基金在20211231的年报(含半年报)中，其可转债持仓占比最大的是哪个行业？用中信一级行业来统计。,用中信一级行业统计，海富通安益对冲策略灵活配置混合C基金在20211231的年报(含半年报)中，其可转债持仓占比最大的是基础化工行业。,"[('基础化工',)]"
327,我想知道国泰民福策略价值灵活配置混合A基金在20200630的年报(含半年报)中，其可转债持仓占比最大的是哪个行业？用中信一级行业来统计。,用中信一级行业统计，国泰民福策略价值灵活配置混合A基金在20200630的年报(含半年报)中，其可转债持仓占比最大的是银行行业。,"[('银行',)]"
328,2007年度、2008年度、2009年度，杭州中恒电气股份有限公司的加权平均净资产收益率分别是多少？,N_A,N_A
329,请问在钢铁行业，20190223行业的A股公司有多少?,在钢铁行业，20190223行业的A股公司有54家。,"[(54,)]"
330,"请帮我查询在2019年,北信瑞丰基金管理有限公司成立哪种类型的基金个数最多?","在2019年,北信瑞丰基金管理有限公司成立混合型的基金个数最多。","[('混合型',)]"
331,20210407日，请给出申万菱信安泰瑞利中短债债券C基金的管理人和累计单位净值。,20210407日，请给出申万菱信安泰瑞利中短债债券C基金的管理人是申万菱信基金管理有限公司，累计单位净值是1.0449元。,"[('申万菱信基金管理有限公司', 1.0449)]"
332,森赫电梯股份有限公司产品的材料成本占整梯生产成本的多大比例？,N_A,N_A
333,2007年、2008年、2009年、2010年1-6月，南京中电联环保股份有限公司收到的增值税返还分别为多少？,N_A,N_A
334,确成硅化学股份有限公司生产的沉淀法二氧化硅广泛应用于哪些行业？其中对哪个行业的依赖度大？,N_A,N_A
335,我想知道股票688266在申万行业分类下的二级行业是什么？用最新的数据。,根据最新数据，股票688266在申万行业分类下的二级行业是化学制药。,"[('化学制药',)]"
336,截至2009年12月31日，杭州中恒电气股份有限公司具有大、中专以上学历员工占员工总数的比例是多少？,N_A,N_A
337,我想知道银华科技创新混合基金，在2021年年度报告中，前10大重仓股中，有多少只股票在报告期内取得正收益。,在2021年年度报告中，银华科技创新混合基金的前10大重仓股中有6只股票在报告期内取得正收益。,"[(6,)]"
338,"假设股票日收益率计算公式为：日收益率 = （当日收盘价-昨收盘价）/昨收盘价。请帮我找到在2019年，申万行业分类行业划分标准,房地产一级行业中, 代码为多少的股票的日均收益率最高？",在2019年，申万行业分类行业划分标准，房地产一级行业中，代码为601512的股票的日均收益率最高，为5.585%。,"[('601512', 5.584719345380768)]"
339,"我想了解长信沪深300指数增强A基金,在2019年一季度的季报第3大重股。该持仓股票当个季度的涨跌幅?请四舍五入保留百分比到小数点两位。",在2019年一季度的季报中，长信沪深300指数增强A基金的第3大重仓股的简称是中国平安，股票代码代码为601318。该股票当季度涨跌幅为37.43%。,"[('601318', '中国平安', 37.4331550802139)]"
340,我想知道股票601615在申万行业分类下的二级行业是什么？用最新的数据。,根据最新数据，股票601615在申万行业分类下的二级行业是电源设备。,"[('电源设备',)]"
341,我想知道股票300066在申万行业分类下的二级行业是什么？用最新的数据。,根据最新数据，股票300066在申万行业分类下的二级行业是仪器仪表。,"[('仪器仪表',)]"
342,深圳市铁汉生态环境股份有限公司所在的生态环境建设行业涉及的两个领域是什么？,N_A,N_A
343,山东海看网络科技有限公司的IPTV业务功能包括哪些？,N_A,N_A
344,我想知道2019年的中期报告中，机构投资者持有的份额占比超过75%的基金有多少，并且他们总共持有了多少?记得帮我保留两位小数。,2019年的中期报告中，机构投资者持有的份额占比超过75%的基金有220只，他们总共持有了408101587539.20份。,"[(220, 408101587539.2)]"
345,在2020年12月年报(含半年报)中，宝盈祥裕增强回报混合C基金持有市值最多的前10只股票中，所在证券市场是上海证券交易所的有几个？,在2020年12月年报(含半年报)中，宝盈祥裕增强回报混合C基金持有市值最多的前10只股票中，所在证券市场是上海证券交易所的有0个。,"[(0,)]"
346,杭州中恒电气股份有限公司计划在项目建设期增加多少固定资产投资？,N_A,N_A
347,湖南长远锂科股份有限公司公司的生产成本包括哪些部分？,N_A,N_A
348,深圳信立泰药业股份有限公司的英文名称是？,N_A,N_A
349,在2021年12月年报(含半年报)中，博时鑫荣稳健混合C基金持有市值最多的前10只股票中，所在证券市场是上海证券交易所的有几个？,在2021年12月年报(含半年报)中，博时鑫荣稳健混合C基金持有市值最多的前10只股票中，所在证券市场是上海证券交易所的有0个。,"[(0,)]"
350,华达汽车科技股份有限公司的主营业务是什么？,N_A,N_A
351,2020年二季度，有多少家基金发生了净赎回?总共赎回了多少份额?记得给我四舍五入到小数点后两位哦。,2020年二季度，共有1438家基金发生了净赎回，总共赎回了397322181421.12份。,"[(1438, 397322181421.12)]"
352,请问股票代码为002158的股票在2021年内日成交量低于该股票当年平均日成交量的有多少个交易日？,股票代码为002158的股票在2021年内日成交量低于该股票当年平均日成交量的有161个交易日。,"[(161,)]"
353,云南沃森生物技术股份有限公司创始人的研发资质如何？,N_A,N_A
354,读者出版传媒股份有限公司每年与各印刷厂签订的《读者》印刷协议中，2014年度的含税基本印刷单价是多少？,N_A,N_A
355,浙江双飞无油轴承股份有限公司的主要原材料是什么？,N_A,N_A
356,查询下基金代码167507的基金，它的基金类型是？,基金代码为167507的基金的基金类型是股票型。,"[('股票型',)]"
357,浙江开尔新材料股份有限公司和合肥翰林是否按规定为员工缴纳了社会保险？,N_A,N_A
358,对湖南国科微电子股份有限公司持续盈利能力可能产生重大不利影响的因素主要包括哪些？,N_A,N_A
359,在2019年报中，汇添富中证长三角一体化发展主题ETF联接A基金第八大重仓股的代码和股票名称是什么？,在2019年报中，汇添富中证长三角一体化发展主题ETF联接A基金第八大重仓股的代码是002142，股票名称是宁波银行。,"[('002142', '宁波银行')]"
360,在2019年报中，东方红睿华沪港深灵活配置混合(LOF)A基金第六大重仓股的代码和股票名称是什么？,在2019年报中，东方红睿华沪港深灵活配置混合(LOF)A基金第六大重仓股的代码是002027，股票名称是分众传媒。,"[('002027', '分众传媒')]"
361,请查询：在20210611，属于申万二级一般零售行业的A股股票，它们的平均成交金额是多少？小数点后保留不超过5位。,在20210611，属于申万二级一般零售行业的A股股票，它们的平均成交金额是57267641.71429元。,"[(57267641.71429,)]"
362,请问股票代码为002771的股票在2021年内日成交量低于该股票当年平均日成交量的有多少个交易日？,股票代码为002771的股票在2021年内日成交量低于该股票当年平均日成交量的有148个交易日。,"[(148,)]"
363,"帮我算一下在20190114,代码为00080的港股日价格振幅是多少，小数点后保留不超过3位。",在20190114，代码为00080的港股日价格振幅是0.001元。,"[(0.001,)]"
364,"帮我算一下在20201222,代码为02198的港股日价格振幅是多少，小数点后保留不超过3位。",在20201222，代码为02198的港股日价格振幅是0.080元。,"[(0.08,)]"
365,报告期内，南京中电联环保股份有限公司流动比率、速动比率呈什么趋势？公司资产流动性水平如何？所面临的流动性风险水平如何？,N_A,N_A
366,在2021年报中，平安安享灵活配置混合C基金第八大重仓股的代码和股票名称是什么？,在2021年报中，平安安享灵活配置混合C基金第八大重仓股的代码是002475，股票名称是立讯精密。,"[('002475', '立讯精密')]"
367,为什么广东银禧科技股份有限公司核心技术大部分为非专利技术？,N_A,N_A
368,股票600757在20200915日期中的收盘价是多少?（小数点保留3位）,股票600757在20200915日期中的收盘价是5.690元。,"[(5.69,)]"
369,请帮我计算，在20190312，中信行业分类划分的一级行业为消费者服务行业中，涨跌幅最大股票的股票代码是？涨跌幅是多少？百分数保留两位小数。股票涨跌幅定义为：（收盘价 - 前一日收盘价 / 前一日收盘价）* 100%。,在20190312，中信行业分类划分的一级行业为消费者服务行业中，涨跌幅最大股票的股票代码是000524，涨跌幅是3.87%。,"[('000524', 3.870967741935493)]"
370,深圳市超频三科技股份有限公司主要采购哪些原材料？,N_A,N_A
371,2019年1-6月，浙江双飞无油轴承股份有限公司向前五大供应商采购原材料金额占同期采购总额的比例是多少？,N_A,N_A
372,我想知道股票600887在申万行业分类下的二级行业是什么？用最新的数据。,根据最新数据，股票600887在申万行业分类下的二级行业是食品加工。,"[('食品加工',)]"
373,招商基金管理有限公司管理的其他型产品的数量有多少?,招商基金管理有限公司管理的其他型产品的数量是3只。,"[(3,)]"
374,"帮我算一下在20190502,代码为00292的港股日价格振幅是多少，小数点后保留不超过3位。",在20190502，代码为00292的港股日价格振幅是0.030元。,"[(0.03,)]"
375,我想知道股票300555在申万行业分类下的二级行业是什么？用最新的数据。,根据最新数据，股票300555在申万行业分类下的二级行业是通信设备。,"[('通信设备',)]"
376,读者出版传媒股份有限公司期刊、图书出版业的产业链主要包括哪些环节？,N_A,N_A
377,"我想了解红土创新稳健混合C基金,在2020年二季度的季报第1大重股。该持仓股票当个季度的涨跌幅?请四舍五入保留百分比到小数点两位。",在2020年二季度的季报中，红土创新稳健混合C基金的第1大重仓股的简称是长江电力，股票代码代码为600900。该股票当季度涨跌幅为9.54%,"[('600900', '长江电力', 9.54)]"
378,青海互助青稞酒股份有限公司设置哪些部门？,N_A,N_A
379,在2020年2月25日，使用中信行业分类标准，股票代码688012是属于哪个一级行业的?,在2020年2月25日，使用中信行业分类标准，股票代码688012属于电子一级行业。,"[('电子',)]"
380,我想知道2021年的年度报告中，机构投资者持有的份额占比超过30%的基金有多少，并且他们总共持有了多少?记得帮我保留两位小数。,2021年的年度报告中，机构投资者持有的份额占比超过30%的基金有1904只，他们总共持有了2881400667603.12份。,"[(1904, 2881400667603.12)]"
381,我想知道国泰金鹿混合在2020年Q1的季报中，该基金的第2大重仓股的代码是什么?,国泰金鹿混合在2020年Q1的季报中，该基金的第2大重仓股的代码是601668，股票简称是中国建筑。,"[('601668', '中国建筑')]"
382,宁波立立电子股份有限公司募集资金的6－8英寸硅抛光片扩产项目建设工期预计为几年？,N_A,N_A
383,"请帮我查询在2019年,富荣基金管理有限公司成立哪种类型的基金个数最多?","在2019年,富荣基金管理有限公司成立的股票型基金个数最多。","[('股票型',)]"
384,博时基金管理有限公司2019年成立了多少基金?,博时基金管理有限公司2019年成立了43只基金。,"[(43,)]"
385,常熟风范电力设备股份有限公司主要客户的收款周期和发生坏帐的可能性如何？,N_A,N_A
386,在2021年10月15日，使用中信行业分类标准，股票代码000828是属于哪个一级行业的?,在2021年10月15日，使用中信行业分类标准，股票代码000828属于交通运输一级行业。,"[('交通运输',)]"
387,我想知道华安汇嘉精选混合C在2020年Q4的季报中，该基金的第3大重仓股的代码是什么?,华安汇嘉精选混合C在2020年Q4的季报中，该基金的第3大重仓股的代码是601012，股票简称是隆基绿能。,"[('601012', '隆基绿能')]"
388,20210618日，一级行业为基础化工的股票的成交量合计是多少？取整。,20210618日，一级行业为基础化工的股票的成交量合计是4596648865股。,"[(4596648865.0,)]"
389,东莞勤上光电股份有限公司建立的LED照明产品系列包括哪些？,N_A,N_A
390,请查询在2021年度，688728股票涨停天数？   解释：（收盘价/昨日收盘价-1）》=9.8% 视作涨停,在2021年度，688728股票涨停天数是2天。,"[(2,)]"
391,请帮我查询出20210506日，建筑材料一级行业涨幅超过5%（不包含）的股票数量。,20210506日，建筑材料一级行业涨幅超过5%（不包含）的股票数量为2。,"[(2,)]"
392,"我想了解易方达稳健收益债券C基金,在2021年二季度的季报第5大重股。该持仓股票当个季度的涨跌幅?请四舍五入保留百分比到小数点两位。",在2021年二季度的季报中，易方达稳健收益债券C基金的第5大重仓股的简称是三安光电，股票代码代码为600703。该股票当季度涨跌幅为37.67%。,"[('600703', '三安光电', 37.67)]"
393,我想知道兴全安泰平衡养老目标三年持有期混合(FOF)A基金在20190331的季报中，其可转债持仓占比最大的是哪个行业？用申万一级行业来统计。,用申万一级行业统计，兴全安泰平衡养老目标三年持有期混合(FOF)A基金在20190331的季报中，其可转债持仓占比最大的是电气设备行业。,"[('电气设备',)]"
394,我想知道东方红品质优选两年定期开放混合基金，在2021年半年度报告中，前10大重仓股中，有多少只股票在报告期内取得正收益。,在2021年半年度报告中，东方红品质优选两年定期开放混合基金的前10大重仓股中有4只股票在报告期内取得正收益。,"[(4,)]"
395,我想知道在2021年，摩根基金管理(中国)有限公司已发行的基金中，有多少只基金报告期期初基金总份额小于报告期期末基金总份额(使用每只基金当年最晚的定期报告数据计算)？,在2021年，摩根基金管理(中国)有限公司已发行的基金中，有7只基金报告期期初基金总份额小于报告期期末基金总份额。,"[(7,)]"
396,请查询在2021年度，600373股票涨停天数？   解释：（收盘价/昨日收盘价-1）》=9.8% 视作涨停,在2021年度，600373股票涨停天数是1天。,"[(1,)]"
397,我想知道在2020年，广发基金管理有限公司已发行的基金中，有多少只基金报告期期初基金总份额小于报告期期末基金总份额(使用每只基金当年最晚的定期报告数据计算)？,在2020年，广发基金管理有限公司已发行的基金中，有53只基金报告期期初基金总份额小于报告期期末基金总份额。,"[(53,)]"
398,在采购端，上海真兰仪表科技股份有限公司与中国科学院控股有限公司下属成都中科唯实仪器有限责任公司设立的公司是什么？公司持股多大比例？,N_A,N_A
399,报告期内，宁波立立电子股份有限公司硅抛光片产品2005年毛利率稍低的主要原因是什么？,N_A,N_A
400,宁波立立电子股份有限公司企业所得税的法定税率是多少？,N_A,N_A
401,报告期内，湖南国科微电子股份有限公司的主营业务收入主要来源于什么产品？,N_A,N_A
402,我想知道股票601086在申万行业分类下的二级行业是什么？用最新的数据。,根据最新数据，股票601086在申万行业分类下的二级行业是电器机械及器材制造业。,"[('一般零售',)]"
403,请帮我查询下，在2019年09月的报告中，报告期基金总申购份额和报告期基金总赎回份额差额最大的一只基金的简称是什么？差额有多少？保留两位小数。,在2019年09月的报告中，报告期基金总申购份额和报告期基金总赎回份额差额最大的一只基金的简称是华宝中证科技龙头ETF，差额为4689000000.0份。,"[('华宝中证科技龙头ETF', 4689000000.0)]"
404,2008年度、2009年度深圳市铁汉生态环境股份有限公司园林绿化工程收入的增长率分别为多少？,N_A,N_A
405,请帮我计算，在20190114，中信行业分类划分的一级行业为建材行业中，涨跌幅最大股票的股票代码是？涨跌幅是多少？百分数保留两位小数。股票涨跌幅定义为：（收盘价 - 前一日收盘价 / 前一日收盘价）* 100%。,在20190114，中信行业分类划分的一级行业为建材行业中，涨跌幅最大股票的股票代码是002192，涨跌幅是6.08%。,"[('002192', 6.084656084656096)]"
406,请问在机械设备行业，20190508行业的A股公司有多少?,在机械设备行业，20190508行业的A股公司有536家。,"[(536,)]"
407,我想知道国寿安保基金管理有限公司在2020年成立了多少只管理费率小于0.8%的基金？,国寿安保基金管理有限公司在2020年成立了20只管理费率小于0.8%的基金。,"[(20,)]"
408,20200722日，一级行业为化工的股票的成交金额合计是多少？取整。,20200722日，一级行业为化工的股票的成交金额合计是66214354046元。,"[(66214354046.0,)]"
409,博时基金管理有限公司管理的债券型产品的数量有多少?,博时基金管理有限公司管理的债券型产品的数量是50只。,"[(50,)]"
410,请列出工银瑞信基金管理有限公司在2019年成立并且托管人为平安银行股份有限公司的所有基金的基金托管费率的平均数。,工银瑞信基金管理有限公司在2019年成立并且托管人为平安银行股份有限公司的所有基金的基金托管费率的平均数是0.1%。,"[(0.1,)]"
411,20211229日，请给出工银瑞信消费行业股票A基金的管理人和累计单位净值。,20211229日，请给出工银瑞信消费行业股票A基金的管理人是工银瑞信基金管理有限公司，累计单位净值是1.493元。,"[('工银瑞信基金管理有限公司', 1.493)]"
412,20190318日，开盘价较上一交易日最高价高的股票有多少只？（如上一交易日没有某只股票，则不统计在内）,20190318日，开盘价较上一交易日最高价高的股票有516只。,"[(516,)]"
413,"请查询：2021年12月年报(含半年报),持有21昆山农商二级且是前10大重仓股的基金有几个？","请查询：2021年12月年报(含半年报),持有21昆山农商二级且是前10大重仓股的基金有2个。","[(2,)]"
414,"请帮我查询下，在20211117，申万行业分类里一级行业为商业贸易行业的所有股票里, 成交金额(元)最多的股票的代码是什么？成交金额是多少？","在20211117，申万行业分类里一级行业为商业贸易行业的所有股票里, 成交金额(元)最多的股票的代码是000829，成交金额是1027041215.0元。","[('000829', 1027041215.0)]"
415,嘉实基金管理有限公司管理的混合型产品的数量有多少?,嘉实基金管理有限公司管理的混合型产品的数量是38只。,"[(38,)]"
416,烟台杰瑞石油服务集团股份有限公司所属行业在产品销售和服务的地点上体现出怎样的区域性特征？,N_A,N_A
417,招商基金管理有限公司2019年成立了多少基金?,招商基金管理有限公司2019年成立了36只基金。,"[(36,)]"
418,江苏旷达汽车织物集团股份有限公司的营业收入主要包括哪些？,N_A,N_A
419,海富通稳健养老目标一年持有期混合(FOF)A基金在20210331的季报里，前三大持仓占比的债券名称是什么?,海富通稳健养老目标一年持有期混合(FOF)A基金在20210331的季报里，前三大持仓占比的债券名称是20国债10，20国债15和19国债03。,"[('20国债10',), ('20国债15',), ('19国债03',)]"
420,请列出汇添富基金管理股份有限公司在2020年成立并且托管人为中国农业银行股份有限公司的所有基金的基金托管费率的平均数。,汇添富基金管理股份有限公司在2020年成立并且托管人为中国农业银行股份有限公司的所有基金的基金托管费率的平均数是0.15%。,"[(0.15,)]"
421,华达汽车科技股份有限公司的实际控制人是谁？截至本招股意向书签署日，公司实际控制人控制本公司多大比例的股份。,N_A,N_A
422,在2020年6月7日，使用中信行业分类标准，股票代码002162是属于哪个一级行业的?,在2020年6月7日，使用中信行业分类标准，股票代码002162属于建材一级行业。,"[('建材',)]"
423,常熟风范电力设备股份有限公司在国际市场上的主要合作伙伴有哪些？,N_A,N_A
424,读者出版传媒股份有限公司本次发行前各股东间的关联关系情况如何？,N_A,N_A
425,中国铁路通信信号股份有限公司本次上市选择的标准为预计市值不低于人民币多少？最近一年营业收入不低于人民币多少？,N_A,N_A
426,"在20211231的年报(含半年报)中，泰康长江经济带债券A基金的债券持仓,其持有最大仓位的债券类型是什么?","在20211231的年报(含半年报)中，泰康长江经济带债券A基金的债券持仓,其持有最大仓位的债券类型是金融债券。","[('金融债券',)]"
427,在2020年报中，方正富邦沪深300ETF基金第一大重仓股的代码和股票名称是什么？,在2020年报中，方正富邦沪深300ETF基金第一大重仓股的代码是600519，股票名称是贵州茅台。,"[('600519', '贵州茅台')]"
428,股票002648在20210803日期中的收盘价是多少?（小数点保留3位）,股票002648在20210803日期中的收盘价是39.950元。,"[(39.95,)]"
429,南方基金管理股份有限公司2020年成立了多少基金?,南方基金管理股份有限公司2020年成立了79只基金。,"[(79,)]"
430,烟台杰瑞石油服务集团股份有限公司的战略规划是什么？,N_A,N_A
431,"在20211231的年报(含半年报)中，广发资管乾利一年持有期债券A基金的债券持仓,其持有最大仓位的债券类型是什么?","在20211231的年报(含半年报)中，广发资管乾利一年持有期债券A基金的债券持仓,其持有最大仓位的债券类型是可转换债券。","[('可转换债券',)]"
432,请列出华宝基金管理有限公司在2019年成立并且托管人为中国民生银行股份有限公司的所有基金的基金托管费率的平均数。,华宝基金管理有限公司在2019年成立并且托管人为中国民生银行股份有限公司的所有基金的基金托管费率的平均数是0.1%。,"[(0.1,)]"
433,我想知道股票000060在申万行业分类下的二级行业是什么？用最新的数据。,根据最新数据，股票000060在申万行业分类下的二级行业是工业金属。,"[('工业金属',)]"
434,请帮我查询下，在2019年03月的报告中，报告期基金总申购份额和报告期基金总赎回份额差额最大的一只基金的简称是什么？差额有多少？保留两位小数。,在2019年03月的报告中，报告期基金总申购份额和报告期基金总赎回份额差额最大的一只基金的简称是华夏鼎略债券A，差额为4504188854.73份。,"[('华夏鼎略债券A', 4504188854.73)]"
435,20201116日，一级行业为电气设备的股票的成交金额合计是多少？取整。,20201116日，一级行业为电气设备的股票的成交金额合计是44464783989元。,"[(44464783989.0,)]"
436,根据森赫电梯股份有限公司招股意见书，目前国内电梯市场中，外资品牌和国内电梯品牌各占多少份额？,N_A,N_A
437,根据《CRCC产品认证实施规则》，《铁路产品认证证书》有效期为多久？北京天宜上佳高新材料股份有限公司取得 《铁路产品认证证书》后，至少多久需要接受一次监督？,N_A,N_A
438,2019年1-6月浙江双飞无油轴承股份有限公司经营业绩出现下滑的原因是什么？,N_A,N_A
439,"我想了解一下金鹰基金管理有限公司2019年成立的债券型基金,其管理费率的平均值是多少?请四舍五入保留小数点两位。",金鹰基金管理有限公司2019年成立的债券型基金，其管理费率的平均值是0.43%。,"[(0.43,)]"
440,2019年一季度，有多少家基金发生了净赎回?总共赎回了多少份额?记得给我四舍五入到小数点后两位哦。,2019年一季度，共有274家基金发生了净赎回，总共赎回了55689213867.09份。,"[(274, 55689213867.09)]"
441,请问在基础化工行业，20201215行业的A股公司有多少?,在基础化工行业，20201215行业的A股公司有425家。,"[(425,)]"
442,"假设股票日收益率计算公式为：日收益率 = （当日收盘价-昨收盘价）/昨收盘价。请帮我找到在2019年，中信行业分类行业划分标准,电力及公用事业一级行业中, 代码为多少的股票的日均收益率最高？",在2019年，中信行业分类行业划分标准，电力及公用事业一级行业中，代码为603053的股票的日均收益率最高，为6.556%。,"[('603053', 6.555877572497915)]"
443,"在20210630的年报(含半年报)中，鹏华可转债债券C基金的债券持仓,其持有最大仓位的债券类型是什么?","在20210630的年报(含半年报)中，鹏华可转债债券C基金的债券持仓,其持有最大仓位的债券类型是可转换债券。","[('可转换债券',)]"
444,"请帮我查询下，在20200617，中信行业分类里一级行业为钢铁行业的所有股票里, 成交金额(元)最多的股票的代码是什么？成交金额是多少？","在20200617，中信行业分类里一级行业为钢铁行业的所有股票里, 成交金额(元)最多的股票的代码是600282，成交金额是1766049991.0元。","[('600282', 1766049991.0)]"
445,嘉实基金管理有限公司2020年成立了多少基金?,嘉实基金管理有限公司2020年成立了49只基金。,"[(49,)]"
446,20190812日，开盘价较上一交易日最高价高的股票有多少只？（如上一交易日没有某只股票，则不统计在内）,20190812日，开盘价较上一交易日最高价高的股票有71只。,"[(71,)]"
447,深圳市超频三科技股份有限公司现有核心技术人员几名？是谁？,N_A,N_A
448,我想知道在20211231的季报里，鹏扬添利增强债券A投资的股票分别是哪些申万一级行业？,在20211231的季报里，鹏扬添利增强债券A投资的股票分别属于以下申万一级行业：钢铁，非银金融，银行，电子，机械设备，公用事业，食品饮料，医药生物，国防军工，计算机，轻工制造，家用电器，建筑材料，化工，电气设备，汽车，有色金属，综合，休闲服务。,"[('钢铁',), ('非银金融',), ('银行',), ('电子',), ('机械设备',), ('公用事业',), ('食品饮料',), ('医药生物',), ('国防军工',), ('计算机',), ('轻工制造',), ('家用电器',), ('建筑材料',), ('化工',), ('电气设备',), ('汽车',), ('有色金属',), ('综合',), ('休闲服务',)]"
449,湖南南岭民用爆破器材股份有限公司主要业务是什么？,N_A,N_A
450,"帮我算一下在20200617,代码为00878的港股日价格振幅是多少，小数点后保留不超过3位。",在20200617，代码为00878的港股日价格振幅是0.090元。,"[(0.09,)]"
451,华瑞股份第二次股权转让引入的外部投资者是？,N_A,N_A
452,大成景乐纯债债券C基金在20210331的季报里，前三大持仓占比的债券名称是什么?,大成景乐纯债债券C基金在20210331的季报里，前三大持仓占比的债券名称是20国债10，20国开07和20国开12。,"[('20国债10',), ('20国开07',), ('20国开12',)]"
453,在哪些国家和地区，兰州海默科技股份有限公司必须通过当地公司销售产品和服务？,N_A,N_A
454,请帮我查询出20210719日，农林牧渔一级行业涨幅超过5%（不包含）的股票数量。,20210719日，农林牧渔一级行业涨幅超过5%（不包含）的股票数量为6。,"[(6,)]"
455,"请帮我查询下，在20210319，申万行业分类里一级行业为公用事业行业的所有股票里, 成交金额(元)最多的股票的代码是什么？成交金额是多少？","在20210319，申万行业分类里一级行业为公用事业行业的所有股票里, 成交金额(元)最多的股票的代码是003035，成交金额是2387414241.0元。","[('003035', 2387414241.0)]"
456,我想知道光大阳光优选一年持有期混合B基金，在2020年年度报告中，前10大重仓股中，有多少只股票在报告期内取得正收益。,在2020年年度报告中，光大阳光优选一年持有期混合B基金的前10大重仓股中有9只股票在报告期内取得正收益。,"[(9,)]"
457,20191231日，请给出西部利得沣泰债券A基金的管理人和单位净值。单位净值保留两位小数。,20191231日，西部利得沣泰债券A基金的管理人是西部利得基金管理有限公司，单位净值是1.0元。,"[('西部利得基金管理有限公司', 1.0)]"
458,截至本招股意向书出具之日，广东银禧科技股份有限公司有多少发明专利正在申请？,N_A,N_A
459,内蒙古君正能源化工股份有限公司的主营产品是什么？,N_A,N_A
460,汉嘉设计集团股份有限公司主要无形资产有哪几类？,N_A,N_A
461,我想知道融通增祥三个月定期开放债券基金在20210630的年报(含半年报)中，其可转债持仓占比最大的是哪个行业？用中信一级行业来统计。,用中信一级行业统计，融通增祥三个月定期开放债券基金在20210630的年报(含半年报)中，其可转债持仓占比最大的是建筑行业。,"[('建筑',)]"
462,20200910港股下跌的股票家数有多少家?,20200910港股下跌的股票家数有1468家。,"[(1468,)]"
463,"请查询：2020年12月年报(含半年报),持有20国际港务SCP012且是前10大重仓股的基金有几个？","2020年12月年报(含半年报),持有20国际港务SCP012且是前10大重仓股的基金有2个。","[(2,)]"
464,自2020年3月20日起，确成硅化学股份有限公司 _产品出口退税率为多少？,N_A,N_A
465,"我想了解一下长城基金管理有限公司2020年成立的债券型基金,其管理费率的平均值是多少?请四舍五入保留小数点两位。",长城基金管理有限公司2020年成立的债券型基金，其管理费率的平均值是0.19%。,"[(0.19,)]"
466,湖南南岭民用爆破器材股份有限公司取得的有效期是什么？,N_A,N_A
467,海南双成药业股份有限公司使用的“甘美多兰”商标的所有权归哪家公司？商标的授权期限是多久？,N_A,N_A
468,"请帮我查询下，在20190617，申万行业分类里一级行业为建筑材料行业的所有股票里, 成交金额(元)最多的股票的代码是什么？成交金额是多少？","在20190617，申万行业分类里一级行业为建筑材料行业的所有股票里, 成交金额(元)最多的股票的代码是600585，成交金额是654587772.0元。","[('600585', 654587772.0)]"
469,请查询：在2021的年度报告中，个人投资者持有基金份额大于机构投资者持有基金份额的基金属于其他型类型的有几个。,在2021的年度报告中，个人投资者持有基金份额大于机构投资者持有基金份额的基金属于其他型类型的有62个。,"[(62,)]"
470,我想知道在20210630的季报里，嘉实中证央企创新驱动ETF联接C投资的股票分别是哪些申万一级行业？,在20210630的季报里，嘉实中证央企创新驱动ETF联接C投资的股票分别属于以下申万一级行业：国防军工，化工，建筑材料，通信，纺织服装，电子，采掘，机械设备，公用事业，汽车，钢铁，建筑装饰，有色金属，计算机，医药生物，电气设备，银行。,"[('国防军工',), ('化工',), ('建筑材料',), ('通信',), ('纺织服装',), ('电子',), ('采掘',), ('机械设备',), ('公用事业',), ('汽车',), ('钢铁',), ('建筑装饰',), ('有色金属',), ('计算机',), ('医药生物',), ('电气设备',), ('银行',)]"
471,我想知道长信双利优选混合A基金，在2021年年度报告中，前10大重仓股中，有多少只股票在报告期内取得正收益。,在2021年年度报告中，长信双利优选混合A基金的前10大重仓股中有3只股票在报告期内取得正收益。,"[(3,)]"
472,西安启源机电装备股份有限公司控股股东是谁？直接持有多少的股份？,N_A,N_A
473,请查询：在20190121，属于申万二级水泥制造行业的A股股票，它们的平均成交金额是多少？小数点后保留不超过5位。,在20190121，属于申万二级水泥制造行业的A股股票，它们的平均成交金额是132516957.35294元。,"[(132516957.35294,)]"
474,请帮我查询在截止2020-12-31的报告期间，基金总份额降低的基金数量是多少？,在截止2020-12-31的报告期间，基金总份额降低的基金数量是2038只。,"[(2038,)]"
475,帮我查询在2020年12月31日，代码为010058的基金前20大重仓股票中属于中信二级饮料行业的平均市值是多少？小数点后保留不超过3位。,在2020年12月31日，代码为010058的基金前20大重仓股票中属于中信二级饮料行业的平均市值是2963916.000元。,"[(2963916.0,)]"
476,截至2010年9月30日，深圳市铁汉生态环境股份有限公司在册员工共多少人？,N_A,N_A
477,请查询：在2019的年度报告中，个人投资者持有基金份额大于机构投资者持有基金份额的基金属于混合型类型的有几个。,N_A,N_A
478,在2019年的年度报告里，中泰证券(上海)资产管理有限公司管理的基金中，有多少比例的基金是个人投资者持有的份额超过机构投资者？希望得到一个精确到两位小数的百分比。,在2019年的年度报告里，中泰证券(上海)资产管理有限公司管理的基金中，有83.33%的比例的基金是个人投资者持有的份额超过机构投资者。,"[(83.33,)]"
479,请问在休闲服务行业，20211031行业的A股公司有多少?,在休闲服务行业，20211031行业的A股公司有41家。,"[(41,)]"
480,请查询：在20200518，属于申万二级景点行业的A股股票，它们的平均成交金额是多少？小数点后保留不超过5位。,在20200518，属于申万二级景点行业的A股股票，它们的平均成交金额是31234914.80000元。,"[(31234914.8,)]"
481,20191226日，请给出民生加银聚益纯债债券基金的管理人和累计单位净值。,20191226日，请给出民生加银聚益纯债债券基金的管理人是民生加银基金管理有限公司，累计单位净值是1.0124元。,"[('民生加银基金管理有限公司', 1.0124)]"
482,根据招股意见书，截至评估基准日1996年1月31日止，孙瑞良对宁波华瑞出资的资产市场价值为多少？,N_A,N_A
483,请帮我查询在截止2021-03-31的报告期间，基金总份额降低的基金数量是多少？,在截止2021-03-31的报告期间，基金总份额降低的基金数量是2262只。,"[(2262,)]"
484,珠海健帆生物科技股份有限公司的首席科学家是谁？,N_A,N_A
485,请查询在20201123日期，申万行业分类下食品饮料一级行业中，当日收盘价波动最大（即最高价与最低价之差最大）的股票代码是什么？,在20201123日期，申万行业分类下食品饮料一级行业中，当日收盘价波动最大（即最高价与最低价之差最大）的股票代码是600519。,"[('600519',)]"
486,大连派思燃气系统股份有限公司在2014年度的纳税信用等级是多少？,N_A,N_A
487,请问在有色金属行业，20191121行业的A股公司有多少?,在有色金属行业，20191121行业的A股公司有157家。,"[(157,)]"
488,20200302日，开盘价较上一交易日最高价高的股票有多少只？（如上一交易日没有某只股票，则不统计在内）,20200302日，开盘价较上一交易日最高价高的股票有115只。,"[(115,)]"
489,西安启源机电装备股份有限公司主要产品有哪些？,N_A,N_A
490,20210531日，请给出易方达恒利3个月定期开放债券基金的管理人和累计单位净值。,20210531日，请给出易方达恒利3个月定期开放债券基金的管理人是易方达基金管理有限公司，累计单位净值是1.0721元。,"[('易方达基金管理有限公司', 1.0721)]"
491,北京天宜上佳高新材料股份有限公司产品生产所需的主要原料是什么？,N_A,N_A
492,长江安盈中短债六个月定期开放债券基金在20201231的季报里，前三大持仓占比的债券名称是什么?,长江安盈中短债六个月定期开放债券基金在20201231的季报里，前三大持仓占比的债券名称是20进出12，20国开02和17闽电01。,"[('20进出12',), ('20国开02',), ('17闽电01',)]"
493,请帮我查询出20210825日，有色金属一级行业涨幅超过5%（不包含）的股票数量。,20210825日，有色金属一级行业涨幅超过5%（不包含）的股票数量为28。,"[(28,)]"
494,昇兴集团股份有限公司本次发行的保荐人是？,N_A,N_A
495,请查询在20211018日期，中信行业分类下交通运输一级行业中，当日收盘价波动最大（即最高价与最低价之差最大）的股票代码是什么？,在20211018日期，中信行业分类下交通运输一级行业中，当日收盘价波动最大（即最高价与最低价之差最大）的股票代码是603535。,"[('603535',)]"
496,帮我查一下在2020年，代码为300476的A股股票今开盘高于昨收盘的天数？,在2020年，代码为300476的A股股票今开盘高于昨收盘的天数是129天。,"[(129,)]"
497,华富恒欣纯债债券A基金在20210331的季报里，前三大持仓占比的债券名称是什么?,华富恒欣纯债债券A基金在20210331的季报里，前三大持仓占比的债券名称是20国债10，国开1702和18沪国资委MTN001。,"[('20国债10',), ('国开1702',), ('18沪国资MTN001',)]"
498,请查询：在2019的年度报告中，个人投资者持有基金份额大于机构投资者持有基金份额的基金属于货币型类型的有几个。,在2019的年度报告中，个人投资者持有基金份额大于机构投资者持有基金份额的基金属于货币型类型的有2个。,"[(2,)]"
499,嘉实中债1-3年政策性金融债指数C基金在20211231的季报里，前三大持仓占比的债券名称是什么?,嘉实中债1-3年政策性金融债指数C基金在20211231的季报里，前三大持仓占比的债券名称是20国开02，21国开07和21农发清发02。,"[('20国开02',), ('21国开07',), ('21农发清发02',)]"
500,根据大连派思燃气系统股份有限公司招股意向书，目前，世界已探明的天然气储量主要集中在什么地区？天然气消费以哪些地区为主？,N_A,N_A
501,截至2009年底，中海达、南方测绘合计占有国产品牌销售额的多大比例？,N_A,N_A
502,联化科技股份有限公司在2007年第一次临时股东大会上审议并通过了哪些募集资金项目？,N_A,N_A
503,帮我查一下广发瑞安精选股票A基金在20211222的资产净值和单位净值是多少?,广发瑞安精选股票A基金在20211222的资产净值是1076709134.79元，单位净值是1.1646元。,"[(1076709134.79, 1.1646, '广发瑞安精选股票A')]"
504,我想知道工银瑞信双盈债券C基金在20210930的季报中，其可转债持仓占比最大的是哪个行业？用申万一级行业来统计。,用申万一级行业统计，工银瑞信双盈债券C基金在20210930的季报中，其可转债持仓占比最大的是银行行业。,"[('银行',)]"
505,"请帮我查询下，在20190419，申万行业分类里一级行业为轻工制造行业的所有股票里, 成交金额(元)最多的股票的代码是什么？成交金额是多少？","在20190419，申万行业分类里一级行业为轻工制造行业的所有股票里, 成交金额(元)最多的股票的代码是002565，成交金额是2418629627.0元。","[('002565', 2418629627.0)]"
506,景顺长城中短债债券C基金在20210331的季报里，前三大持仓占比的债券名称是什么?,景顺长城中短债债券C基金在20210331的季报里，前三大持仓占比的债券名称是20农发清发01，20国信03和21国开01。,"[('20农发清发01',), ('20国信03',), ('21国开01',)]"
507,我想知道股票600373在申万行业分类下的二级行业是什么？用最新的数据。,根据最新数据，股票600373在申万行业分类下的二级行业是互联网传媒。,"[('互联网传媒',)]"
508,"请帮我查询下在2020年, 前海开源基金管理有限公司管理的债券型基金中，持有过非公开发行公司债的基金有多少只？",在2020年，前海开源基金管理有限公司管理的债券型基金中，持有过非公开发行公司债的基金有2只。,"[(2,)]"
509,广州中海达卫星导航技术股份有限公司整体变更前后，股本增加了多少？,N_A,N_A
510,"请查询：2021年12月年报(含半年报),持有20汇金小微债01且是前10大重仓股的基金有几个？","请查询：2021年12月年报(含半年报),持有20汇金小微债01且是前10大重仓股的基金有1个。","[(1,)]"
511,2021年年度报告里，光大保德信基金管理有限公司管理的基金中，机构投资者持有份额比个人投资者多的基金有多少只?,N_A,N_A
512,在2021年12月年报(含半年报)中，朱雀企业优选股票A基金持有市值最多的前10只股票中，所在证券市场是深圳证券交易所的有几个？,在2021年12月年报(含半年报)中，朱雀企业优选股票A基金持有市值最多的前10只股票中，所在证券市场是深圳证券交易所的有7个。,"[(7,)]"
513,2007年、2008年、2009年，南京中电联环保股份有限公司存货周转率分别为多少次？,N_A,N_A
514,请帮我查询出20210120日，综合一级行业涨幅超过5%（不包含）的股票数量。,20210120日，综合一级行业涨幅超过5%（不包含）的股票数量为2。,"[(2,)]"
515,根据招股意见书，公司何时整体变更为华瑞电器股份有限公司？,N_A,N_A
516,根据浙江开尔新材料股份有限公司招股意向书，截至2010年末，合肥翰林总资产为多少？,N_A,N_A
517,持有烟台杰瑞石油服务集团股份有限公司5%以上股份的股东有是谁？本次公开发行前，他们持有的股份分别占公司总股本的多少比例？,N_A,N_A
518,在2020年1月30日，使用中信行业分类标准，股票代码600185是属于哪个一级行业的?,在2020年1月30日，使用中信行业分类标准，股票代码600185属于房地产一级行业。,"[('房地产',)]"
519,截至2018年末 ，按照国内高速铁路控制系统集成项目累计中标里程统计，中国铁路通信信号股份有限公司的中标里程覆盖率为多少？,N_A,N_A
520,截至2009年12月31日，杭州中恒电气股份有限公司的净资产是多少？,N_A,N_A
521,请查询在20200731日期，申万行业分类下家用电器一级行业中，当日收盘价波动最大（即最高价与最低价之差最大）的股票代码是什么？,在20200731日期，申万行业分类下家用电器一级行业中，当日收盘价波动最大（即最高价与最低价之差最大）的股票代码是002959。,"[('002959',)]"
522,在2020年的年度报告里，浙江浙商证券资产管理有限公司管理的基金中，有多少比例的基金是个人投资者持有的份额超过机构投资者？希望得到一个精确到两位小数的百分比。,在2020年的年度报告里，浙江浙商证券资产管理有限公司管理的基金中，有50.00%的比例的基金是个人投资者持有的份额超过机构投资者。,"[(50.0,)]"
523,20191121日，成交金额最大的前三家上市公司的股票代码是什么？按成交金额从大到小给出,20191121日，成交金额最大的前三家上市公司的股票代码从大到小分别是601318，000651和600519。,"[('601318',), ('000651',), ('600519',)]"
524,旷达汽车织物集团何时设立股份有限公司，注册资本是多少？,N_A,N_A
525,"我想了解国寿安保灵活优选混合基金,在2021年一季度的季报第6大重股。该持仓股票当个季度的涨跌幅?请四舍五入保留百分比到小数点两位。",在2021年一季度的季报中，国寿安保灵活优选混合基金的第6大重仓股的简称是海康威视，股票代码代码为002415。该股票当季度涨跌幅为15.23%,"[('002415', '海康威视', 15.23)]"
526,新疆浩源天然气股份有限公司实际控制人直系亲属控股的企业有哪些？,N_A,N_A
527,北京天宜上佳高新材料股份有限公司2017年度的营业收入和净利润分别为多少？,N_A,N_A
528,请问股票代码为300300的股票在2019年内日成交量低于该股票当年平均日成交量的有多少个交易日？,股票代码为300300的股票在2019年内日成交量低于该股票当年平均日成交量的有166个交易日。,"[(166,)]"
529,20190212日，成交金额最大的前三家上市公司的股票代码是什么？按成交金额从大到小给出,20190212日，成交金额最大的前三家上市公司的股票代码从大到小分别是600519，000858和000725。,"[('000725',), ('000858',), ('600519',)]"
530,帮我查询在2020年12月31日，代码为007840的基金前20大重仓股票中属于中信二级半导体行业的平均市值是多少？小数点后保留不超过3位。,在2020年12月31日，代码为007840的基金前20大重仓股票中属于中信二级半导体行业的平均市值是92440.000元。,"[(92440.0,)]"
531,武汉兴图新科电子股份有限公司法定代表人是谁？,N_A,N_A
532,请帮我查询下股票代码为600595的股票在2019年内最高日收盘价是多少？,股票代码为600595的股票在2019年内最高日收盘价是3.31元。,"[(3.31,)]"
533,在营销模式方面，云南沃森生物技术股份有限公司如何提高疫苗产品的品牌影响力？,N_A,N_A
534,博时基金管理有限公司2020年成立了多少基金?,博时基金管理有限公司2020年成立了82只基金。,"[(82,)]"
535,我想知道在2021年，格林基金管理有限公司已发行的基金中，有多少只基金报告期期初基金总份额小于报告期期末基金总份额(使用每只基金当年最晚的定期报告数据计算)？,在2021年，格林基金管理有限公司已发行的基金中，有5只基金报告期期初基金总份额小于报告期期末基金总份额。,"[(5,)]"
536,我想知道兴银研究精选股票A基金，在2021年年度报告中，前10大重仓股中，有多少只股票在报告期内取得正收益。,在2021年年度报告中，兴银研究精选股票A基金的前10大重仓股中有5只股票在报告期内取得正收益。,"[(5,)]"
537,20200326日，开盘价较上一交易日最高价高的股票有多少只？（如上一交易日没有某只股票，则不统计在内）,20200326日，开盘价较上一交易日最高价高的股票有128只。,"[(128,)]"
538,我想知道在20210630的季报里，招商MSCI中国A股国际通ETF联接C投资的股票分别是哪些申万一级行业？,在20210630的季报里，招商MSCI中国A股国际通ETF联接C投资的股票分别属于以下申万一级行业：化工，汽车，交通运输，家用电器。,"[('化工',), ('汽车',), ('交通运输',), ('家用电器',)]"
539,请帮我计算，在20200617，中信行业分类划分的一级行业为商贸零售行业中，涨跌幅最大股票的股票代码是？涨跌幅是多少？百分数保留两位小数。股票涨跌幅定义为：（收盘价 - 前一日收盘价 / 前一日收盘价）* 100%。,在20200617，中信行业分类划分的一级行业为商贸零售行业中，涨跌幅最大股票的股票代码是600824，涨跌幅是10.07%。,"[('600824', 10.070257611241233)]"
540,"请帮我查询在2020年,万家基金管理有限公司成立哪种类型的基金个数最多?","在2020年,万家基金管理有限公司成立混合型的基金个数最多。","[('混合型',)]"
541,烟台杰瑞石油服务集团股份有限公司面临的市场风险有哪些？,N_A,N_A
542,我想知道股票300321在申万行业分类下的二级行业是什么？用最新的数据。,根据最新数据，股票300321在申万行业分类下的二级行业是塑料。,"[('塑料',)]"
543,武汉兴图新科电子股份有限公司注册资本是多少？,N_A,N_A
544,华瑞电器股份有限公司成立以来的是否存在重大资产重组？如果存在，该重组是什么？,N_A,N_A
545,5、确成硅化学股份有限公司的子公司确成国际主营业务是什么？,N_A,N_A
546,我想知道红土创新稳进混合C基金在20201231的年报(含半年报)中，其可转债持仓占比最大的是哪个行业？用中信一级行业来统计。,用中信一级行业统计，红土创新稳进混合C基金在20201231的年报(含半年报)中，其可转债持仓占比最大的是电力及公用事业行业。,"[('电力及公用事业',)]"
547,请查询：在2019的年度报告中，个人投资者持有基金份额大于机构投资者持有基金份额的基金属于股票型类型的有几个。,N_A,N_A
548,鑫元悦利定期开放债券基金在20191231的季报里，前三大持仓占比的债券名称是什么?,鑫元悦利定期开放债券基金在20191231的季报里，前三大持仓占比的债券名称是19国开03，19国开08和19国开10。,"[('19国开03',), ('19国开08',), ('19国开10',)]"
549,帮我查一下华商计算机行业量化股票A基金在20211213的资产净值和单位净值是多少?,华商计算机行业量化股票A基金在20211213的资产净值是223466099.94元，单位净值是1.3141元。,"[(223466099.94, 1.3141, '华商计算机行业量化股票A')]"
550,内蒙古君正能源化工股份有限公司控股股东、实际控制人控制的其他企业有哪些？,N_A,N_A
551,"请帮我查询下在2019年, 国联基金管理有限公司管理的债券型基金中，持有过国债现货的基金有多少只？",在2019年，国联基金管理有限公司管理的债券型基金中，持有过国债现货的基金有4只。,"[(4,)]"
552,帮我查一下在2020年，代码为603056的A股股票今开盘高于昨收盘的天数？,在2020年，代码为603056的A股股票今开盘高于昨收盘的天数是120天。,"[(120,)]"
553,中国铁路通信信号股份有限公司本次发行初始战略配售发行数量为多少股？占发行数量的多大比例？,N_A,N_A
554,华达汽车科技股份有限公司近年开发的代表性新产品及新技术有哪些？,N_A,N_A
555,"我想了解汇安信利债券A基金,在2020年二季度的季报第3大重股。该持仓股票当个季度的涨跌幅?请四舍五入保留百分比到小数点两位。",在2020年二季度的季报中，汇安信利债券A基金的第3大重仓股的简称是伊利股份，股票代码代码为600887。该股票当季度涨跌幅为4.25%。,"[('600887', '伊利股份', 4.25)]"
556,海南双成药业股份有限公司的前身是什么？成立于何时？,N_A,N_A
557,帮我查一下兴业优势产业混合A基金在20211013的资产净值和单位净值是多少?,兴业优势产业混合A基金在20211013的资产净值是104342645.46元，单位净值是1.0736元。,"[(104342645.46, 1.0736, '兴业优势产业混合A')]"
558,根据江苏爱康太阳能科技股份有限公司招股意向书，从太阳能电池企业布局供给结构来看，大部分企业最主要分布在什么地区？,N_A,N_A
559,东莞勤上光电股份有限公司目前主要竞争对手有哪些？,N_A,N_A
560,广州中海达卫星导航技术股份有限公司两家全资子公司是？,N_A,N_A
561,"假设股票日收益率计算公式为：日收益率 = （当日收盘价-昨收盘价）/昨收盘价。请帮我找到在2019年，申万行业分类行业划分标准,非银金融一级行业中, 代码为多少的股票的日均收益率最高？",在2019年，申万行业分类行业划分标准，非银金融一级行业中，代码为002961的股票的日均收益率最高，为2.725%。,"[('002961', 2.7252555154677687)]"
562,在2019年12月季报中，持有坚朗五金这一股票且市值占基金资产净值比不小于5%的有几只基金？,在2019年12月季报中，持有坚朗五金这一股票且市值占基金资产净值比不小于5%的有1只基金。,"[(1,)]"
563,嘉实基金管理有限公司管理的货币型产品的数量有多少?,嘉实基金管理有限公司管理的货币型产品的数量是1只。,"[(1,)]"
564,请查询在2021年度，600423股票涨停天数？   解释：（收盘价/昨日收盘价-1）》=9.8% 视作涨停,在2021年度，600423股票涨停天数是9天。,"[(9,)]"
565,报告期内，广东银禧科技股份有限公司国外销售收入占当期主营业务收入的比重分别是多少？,N_A,N_A
566,海南双成药业股份有限公司制定了哪些环保和安全管理规程？,N_A,N_A
567,在环保资质方面，森赫电梯股份有限公司取得了哪些排污许可证，有效期是什么时候？,N_A,N_A
568,20201231日，机械设备一级行业有多少只A股股票？,N_A,N_A
569,请帮我查询在截止2020-06-30的报告期间，基金总份额降低的基金数量是多少？,在截止2020-06-30的报告期间，基金总份额降低的基金数量是1438只。,"[(1438,)]"
570,我想知道在20201231的季报里，长盛竞争优势股票C投资的股票分别是哪些申万一级行业？,在20201231的季报里，长盛竞争优势股票C投资的股票分别属于以下申万一级行业：电子，通信，食品饮料，家用电器，农林牧渔，化工，医药生物，纺织服装，汽车，电气设备，综合，计算机，机械设备，休闲服务，国防军工，房地产。,"[('电子',), ('通信',), ('食品饮料',), ('家用电器',), ('农林牧渔',), ('化工',), ('医药生物',), ('纺织服装',), ('汽车',), ('电气设备',), ('综合',), ('计算机',), ('机械设备',), ('休闲服务',), ('国防军工',), ('房地产',)]"
571,常熟风范电力设备股份有限公司采取了哪些措施来降低实际控制人风险？,N_A,N_A
572,2019年二季度，有多少家基金发生了净赎回?总共赎回了多少份额?记得给我四舍五入到小数点后两位哦。,2019年二季度，共有482家基金发生了净赎回，总共赎回了121459761741.83份。,"[(482, 121459761741.83)]"
573,请帮我计算，代码为300346的股票，2020年一年持有的年化收益率有多少？百分数请保留两位小数。年化收益率定义为：（（有记录的一年的最终收盘价-有记录的一年的年初当天开盘价）/有记录的一年的当天开盘价）* 100%。,代码为300346的股票，2020年一年持有的年化收益率为144.45%。,"[('300346', 144.45)]"
574,我想知道中信保诚安鑫回报债券A基金在20211231的年报(含半年报)中，其可转债持仓占比最大的是哪个行业？用中信一级行业来统计。,用中信一级行业统计，中信保诚安鑫回报债券A基金在20211231的年报(含半年报)中，其可转债持仓占比最大的是银行行业。,"[('银行',)]"
575,20200225日，一级行业为房地产的股票的成交金额合计是多少？取整。,20200225日，一级行业为房地产的股票的成交金额合计是47034695099元。,"[(47034695099.0,)]"
576,在2021年的中期报告里，方正富邦基金管理有限公司管理的基金中，有多少比例的基金是个人投资者持有的份额超过机构投资者？希望得到一个精确到两位小数的百分比。,在2021年的中期报告里，方正富邦基金管理有限公司管理的基金中，有58.33%的比例的基金是个人投资者持有的份额超过机构投资者。,"[(58.33,)]"
577,报告期内，山东海看网络科技有限公司移动媒体平台服务业务收入呈现怎样的趋势？各期为多少？,N_A,N_A
578,我想知道嘉实动力先锋混合A在2021年Q3的季报中，该基金的第4大重仓股的代码是什么?,嘉实动力先锋混合A在2021年Q3的季报中，该基金的第4大重仓股的代码是688116，股票简称是天奈科技。,"[('688116', '天奈科技')]"
579,进入常熟风范电力设备股份有限公司所属行业的主要障碍有哪些？,N_A,N_A
580,请帮我查询在截止2021-09-30的报告期间，基金总份额降低的基金数量是多少？,在截止2021-09-30的报告期间，基金总份额降低的基金数量是2085只。,"[(2085,)]"
581,股票600386在20210924日期中的收盘价是多少?（小数点保留3位）,股票600386在20210924日期中的收盘价是3.770元。,"[(3.77,)]"
582,深圳信立泰药业股份有限公司药品的生产工艺涉会产生哪些污染物？,N_A,N_A
583,20210519日，请给出融通通慧混合A/B基金的管理人和单位净值。单位净值保留两位小数。,很抱歉，由于提供的资料不足，我无法回答该问题。,[]
584,20200427港股下跌的股票家数有多少家?,20200427港股下跌的股票家数有776家。,"[(776,)]"
585,"帮我算一下在20210715,代码为01071的港股日价格振幅是多少，小数点后保留不超过3位。",在20210715，代码为01071的港股日价格振幅是0.030元。,"[(0.03,)]"
586,2015年末珠海健帆生物科技股份有限公司的货币资金相比2014年末增加了多少？这个增加主要是由于什么原因？,N_A,N_A
587,"假设股票日收益率计算公式为：日收益率 = （当日收盘价-昨收盘价）/昨收盘价。请帮我找到在2020年，申万行业分类行业划分标准,建筑材料一级行业中, 代码为多少的股票的日均收益率最高？",在2020年，申万行业分类行业划分标准，建筑材料一级行业中，代码为833580的股票的日均收益率最高，为0.928%。,"[('833580', 0.9275433768280608)]"
588,股票002501在20210802日期中的收盘价是多少?（小数点保留3位）,股票002501在20210802日期中的收盘价是2.230元。,"[(2.23,)]"
589,请列出华宝基金管理有限公司在2020年成立并且托管人为中国民生银行股份有限公司的所有基金的基金托管费率的平均数。,华宝基金管理有限公司在2020年成立并且托管人为中国民生银行股份有限公司的所有基金的基金托管费率的平均数是0.1%。,"[(0.1,)]"
590,请帮我计算，代码为600552的股票，2020年一年持有的年化收益率有多少？百分数请保留两位小数。年化收益率定义为：（（有记录的一年的最终收盘价-有记录的一年的年初当天开盘价）/有记录的一年的当天开盘价）* 100%。,代码为600552的股票，2020年一年持有的年化收益率为15.63%。,"[('600552', 15.63)]"
591,20200819日，开盘价较上一交易日最高价高的股票有多少只？（如上一交易日没有某只股票，则不统计在内）,20200819日，开盘价较上一交易日最高价高的股票有198只。,"[(198,)]"
592,报告期内，深圳市超频三科技股份有限公司直接材料成本占营业成本比例分别为多少？,N_A,N_A
593,"假设股票日收益率计算公式为：日收益率 = （当日收盘价-昨收盘价）/昨收盘价。请帮我找到在2020年，申万行业分类行业划分标准,房地产一级行业中, 代码为多少的股票的日均收益率最高？",在2020年，申万行业分类行业划分标准，房地产一级行业中，代码为300917的股票的日均收益率最高，为16.452%。,"[('300917', 16.451937433304035)]"
594,请帮我计算，代码为600884的股票，2020年一年持有的年化收益率有多少？百分数请保留两位小数。年化收益率定义为：（（有记录的一年的最终收盘价-有记录的一年的年初当天开盘价）/有记录的一年的当天开盘价）* 100%。,代码为600884的股票，2020年一年持有的年化收益率为32.48%。,"[('600884', 32.48)]"
595,湖南南岭民用爆破器材股份有限公司监事有谁？,N_A,N_A
596,深圳市铁汉生态环境股份有限公司公司的人才队伍有副研究员、高级工程师各几人？,N_A,N_A
597,请帮我查询在截止2020-03-31的报告期间，基金总份额降低的基金数量是多少？,在截止2020-03-31的报告期间，基金总份额降低的基金数量是996只。,"[(996,)]"
598,我想知道长信国防军工量化灵活配置混合C在2021年Q1的季报中，该基金的第5大重仓股的代码是什么?,长信国防军工量化灵活配置混合C在2021年Q1的季报中，该基金的第5大重仓股的代码是300699，股票简称是光威复材。,"[('300699', '光威复材')]"
599,20211126日，一级行业为休闲服务的股票的成交金额合计是多少？取整。,20211126日，一级行业为休闲服务的股票的成交金额合计是4494487573元。,"[(4494487573.0,)]"
600,根据海南双成药业股份有限公司招股意向书，医药行业的主要销售渠道是怎样的？,N_A,N_A
601,江苏爱康太阳能科技股份有限公司实际控制人是谁？,N_A,N_A
602,帮我查一下在2020年，代码为002993的A股股票今开盘高于昨收盘的天数？,在2020年，代码为002993的A股股票今开盘高于昨收盘的天数是48天。,"[(48,)]"
603,我想知道在2020年，中航基金管理有限公司已发行的基金中，有多少只基金报告期期初基金总份额小于报告期期末基金总份额(使用每只基金当年最晚的定期报告数据计算)？,在2020年，中航基金管理有限公司已发行的基金中，有1只基金报告期期初基金总份额小于报告期期末基金总份额。,"[(1,)]"
604,我想知道华商电子行业量化股票基金，在2019年年度报告中，前10大重仓股中，有多少只股票在报告期内取得正收益。,我想知道华商电子行业量化股票基金，在2019年年度报告中，前10大重仓股中，有多少只股票在报告期内取得正收益。,SQL未能成功执行！
605,请问股票代码为603359的股票在2020年内日成交量低于该股票当年平均日成交量的有多少个交易日？,股票代码为603359的股票在2020年内日成交量低于该股票当年平均日成交量的有149个交易日。,"[(149,)]"
606,请帮我计算，在20190213，中信行业分类划分的一级行业为有色金属行业中，涨跌幅最大股票的股票代码是？涨跌幅是多少？百分数保留两位小数。股票涨跌幅定义为：（收盘价 - 前一日收盘价 / 前一日收盘价）* 100%。,在20190213，中信行业分类划分的一级行业为有色金属行业中，涨跌幅最大股票的股票代码是300328，涨跌幅是9.99%。,"[('300328', 9.987195902688864)]"
607,请查询：在2019的年度报告中，个人投资者持有基金份额大于机构投资者持有基金份额的基金属于其他型类型的有几个。,N_A,N_A
608,我想知道国泰致远优势混合基金，在2020年年度报告中，前10大重仓股中，有多少只股票在报告期内取得正收益。,在2020年年度报告中，国泰致远优势混合基金的前10大重仓股中有10只股票在报告期内取得正收益。,"[(10,)]"
609,国科微电子计划在哪里建立一个研发产业基地？,N_A,N_A
610,2016年-2018年，北京天宜上佳高新材料股份有限公司参与并中标的铁总联采数量分别为多少？,N_A,N_A
611,在与索特传动的产品争议中，浙江双飞无油轴承股份有限公司承担多少的维修发生额？,N_A,N_A
612,"在20210630的年报(含半年报)中，金信民达纯债债券A基金的债券持仓,其持有最大仓位的债券类型是什么?","在20210630的年报(含半年报)中，金信民达纯债债券A基金的债券持仓,其持有最大仓位的债券类型是可交换公司债券。","[('可交换公司债券',)]"
613,2021年年度报告里，中海基金管理有限公司管理的基金中，机构投资者持有份额比个人投资者多的基金有多少只?,N_A,N_A
614,"请帮我查询在2019年,睿远基金管理有限公司成立哪种类型的基金个数最多?","在2019年,睿远基金管理有限公司成立混合型的基金个数最多。","[('混合型',)]"
615,2009年、2008年、2007年兰州海默科技股份有限公司的综合毛利率分别是多少？,N_A,N_A
616,我想知道股票300138在申万行业分类下的二级行业是什么？用最新的数据。,根据最新数据，股票300138在申万行业分类下的二级行业是农产品加工。,"[('农产品加工',)]"
617,青海互助青稞酒股份有限公司2010年经备案的青稞收购量及实际采购量是多少？,N_A,N_A
618,"假设股票日收益率计算公式为：日收益率 = （当日收盘价-昨收盘价）/昨收盘价。请帮我找到在2019年，申万行业分类行业划分标准,通信一级行业中, 代码为多少的股票的日均收益率最高？",在2019年，申万行业分类行业划分标准，通信一级行业中，代码为603236的股票的日均收益率最高，为1.204%。,"[('603236', 1.2043329873002644)]"
619,请帮我查询在截止2019-03-31的报告期间，基金总份额降低的基金数量是多少？,在截止2019-03-31的报告期间，基金总份额降低的基金数量是274只。,"[(274,)]"
620,帮我查一下在2021年，代码为600546的A股股票今开盘高于昨收盘的天数？,在2021年，代码为600546的A股股票今开盘高于昨收盘的天数是91天。,"[(91,)]"
621,我想知道国泰CES半导体芯片行业ETF联接A基金，在2020年半年度报告中，前10大重仓股中，有多少只股票在报告期内取得正收益。,在2020年半年度报告中，国泰CES半导体芯片行业ETF联接A基金的前10大重仓股中有8只股票在报告期内取得正收益。,"[(8,)]"
622,我想知道天风(上海)证券资产管理有限公司在2020年成立了多少只管理费率小于0.8%的基金？,天风(上海)证券资产管理有限公司在2020年成立了2只管理费率小于0.8%的基金。,"[(2,)]"
623,20200415港股下跌的股票家数有多少家?,20200415港股下跌的股票家数有1553家。,"[(1553,)]"
624,青海互助青稞酒股份有限公司2010年度营业收入与净利润是多少？,N_A,N_A
625,"在20201231的年报(含半年报)中，嘉合磐泰短债债券C基金的债券持仓,其持有最大仓位的债券类型是什么?","在20201231的年报(含半年报)中，嘉合磐泰短债债券C基金的债券持仓,其持有最大仓位的债券类型是国债现货。","[('国债现货',)]"
626,请问在农林牧渔行业，20191104行业的A股公司有多少?,在农林牧渔行业，20191104行业的A股公司有113家。,"[(113,)]"
627,宁波立立电子股份有限公司主要产品是什么？,N_A,N_A
628,我想知道股票300584在申万行业分类下的二级行业是什么？用最新的数据。,根据最新数据，股票300584在申万行业分类下的二级行业是化学制药。,"[('化学制药',)]"
629,根据深圳信立泰药业股份有限公司招股意向书，进入医药行业的壁垒较高，有哪几个方面？,N_A,N_A
630,截至2007年12月31日，宁波立立电子股份有限公司存货账面价值为多少？占总资产的多大比例？,N_A,N_A
631,请查询在20200923日期，中信行业分类下家电一级行业中，当日收盘价波动最大（即最高价与最低价之差最大）的股票代码是什么？,在20200923日期，中信行业分类下家电一级行业中，当日收盘价波动最大（即最高价与最低价之差最大）的股票代码是002959。,"[('002959',)]"
632,"假定股票'日波动值'计算公式为：'日波动值' = 日最高价-日最低价。请帮我查询下在2021年，中信行业分类行业划分标准,电力设备及新能源一级行业中，股票日均波动值最小的股票对应的股票代码是？",在2021年，中信行业分类行业划分标准，电力设备及新能源一级行业中，股票日均波动值最小的股票对应的股票代码是834639。,"[('834639',)]"
633,兰州海默科技股份有限公司的主要产品有哪些？,N_A,N_A
634,嘉实基金管理有限公司管理的股票型产品的数量有多少?,嘉实基金管理有限公司管理的股票型产品的数量是28只。,"[(28,)]"
635,我想知道2019年的年度报告中，机构投资者持有的份额占比超过66%的基金有多少，并且他们总共持有了多少?记得帮我保留两位小数。,2019年的年度报告中，机构投资者持有的份额占比超过66%的基金有518只，他们总共持有了847882838832.82份。,"[(518, 847882838832.82)]"
636,请问在有色金属行业，20191119行业的A股公司有多少?,在有色金属行业，20191119行业的A股公司有157家。,"[(157,)]"
637,请帮我查询在截止2019-09-30的基金定期报告中，基金总赎回份额为零的基金有几个？,在截止2019-09-30的基金定期报告中，基金总赎回份额为零的基金有213个。,"[(213,)]"
638,请问2020年四季度有多少家基金是净申购?它们的净申购份额加起来是多少?请四舍五入保留小数点两位。,2020年四季度有1352家基金是净申购，它们的净申购份额加起来是332305208096.65份。,"[(1352, 332305208096.65)]"
639,湖南长远锂科股份有限公司报告期内何时发生了重大资产重组？该重大资产重组是什么？,N_A,N_A
640,我想知道德邦基金管理有限公司在2019年成立了多少只管理费率小于0.8%的基金？,德邦基金管理有限公司在2019年成立了5只管理费率小于0.8%的基金。,"[(5,)]"
641,在销售端，上海真兰仪表科技股份有限公司与中国燃气合作设立的公司是什么？该公司的主要客户是什么？,N_A,N_A
642,我想知道兴全优选进取三个月持有期混合(FOF)A基金在20210630的季报中，其可转债持仓占比最大的是哪个行业？用申万一级行业来统计。,用申万一级行业统计，兴全优选进取三个月持有期混合(FOF)A基金在20210630的季报中，其可转债持仓占比最大的是银行行业。,"[('银行',)]"
643,根据募集资金项目的可行性研究报告，项目全部达产后，杭州中恒电气股份有限公司可增加多少销售收入？新增利润总额为多少？,N_A,N_A
644,请帮我查询在截止2021-12-31的基金定期报告中，基金总赎回份额为零的基金有几个？,在截止2021-12-31的基金定期报告中，基金总赎回份额为零的基金有742个。,"[(742,)]"
645,20200820日，开盘价较上一交易日最高价高的股票有多少只？（如上一交易日没有某只股票，则不统计在内）,20200820日，开盘价较上一交易日最高价高的股票有65只。,"[(65,)]"
646,本次发行前，汉嘉设计集团股份有限公司实际控制人是谁？,N_A,N_A
647,请列出博时基金管理有限公司在2019年成立并且托管人为中国工商银行股份有限公司的所有基金的基金托管费率的平均数。,博时基金管理有限公司在2019年成立并且托管人为中国工商银行股份有限公司的所有基金的基金托管费率的平均数是0.1%。,"[(0.1,)]"
648,请问在家用电器行业，20201007行业的A股公司有多少?,在家用电器行业，20201007行业的A股公司有78家。,"[(78,)]"
649,报告期内，深圳市超频三科技股份有限公司筹资活动产生的现金流量净额分别为多少？,N_A,N_A
650,我想知道易方达全球医药行业混合(QDII)基金，在2020年年度报告中，前10大重仓股中，有多少只股票在报告期内取得正收益。,在2020年年度报告中，易方达全球医药行业混合(QDII)基金的前10大重仓股中有8只股票在报告期内取得正收益。,"[(8,)]"
651,报告期各期末，山东海看网络科技有限公司及其控股子公司在册员工总数为多少人？,N_A,N_A
652,"请帮我查询下，在20190114，申万行业分类里一级行业为非银金融行业的所有股票里, 成交金额(元)最多的股票的代码是什么？成交金额是多少？","在20190114，申万行业分类里一级行业为非银金融行业的所有股票里, 成交金额(元)最多的股票的代码是601318，成交金额是2723611890.0元。","[('601318', 2723611890.0)]"
653,2017年末，汉嘉设计集团股份有限公司的应收账款净额是多少？,N_A,N_A
654,20211206日，一级行业为公用事业的股票的成交量合计是多少？取整。,20211206日，一级行业为公用事业的股票的成交量合计是6865060773股。,"[(6865060773.0,)]"
655,湖南南岭民用爆破器材股份有限公司技术中心下设哪些部门？,N_A,N_A
656,根据《国民经济行业分类》，汉嘉设计集团股份有限公司主营业务所属行业是什么？分类代码是什么？,N_A,N_A
657,在2021年12月季报中，持有健之佳这一股票且市值占基金资产净值比不小于5%的有几只基金？,在2021年12月季报中，持有健之佳这一股票且市值占基金资产净值比不小于5%的有2只基金。,"[(2,)]"
658,请帮我查询下，在2019年12月的报告中，报告期基金总申购份额和报告期基金总赎回份额差额最大的一只基金的简称是什么？差额有多少？保留两位小数。,在2019年12月的报告中，报告期基金总申购份额和报告期基金总赎回份额差额最大的一只基金的简称是工银瑞信瑞丰半年定期开放纯债债券，差额为11389257171.66份。,"[('工银瑞信瑞丰半年定期开放纯债债券', 11389257171.66)]"
659,2019年中期报告里，国融基金管理有限公司管理的基金中，机构投资者持有份额比个人投资者多的基金有多少只?,N_A,N_A
660,华瑞股份第二次股权转让在哪一年发生？,N_A,N_A
661,我想知道兴银基金管理有限责任公司在2020年成立了多少只管理费率小于0.8%的基金？,兴银基金管理有限责任公司在2020年成立了8只管理费率小于0.8%的基金。,"[(8,)]"
662,联化科技股份有限公司设立以来的业务发展过程可以分为哪几个阶段？,N_A,N_A
663,请帮我计算，在20200911，中信行业分类划分的一级行业为纺织服装行业中，涨跌幅最大股票的股票代码是？涨跌幅是多少？百分数保留两位小数。股票涨跌幅定义为：（收盘价 - 前一日收盘价 / 前一日收盘价）* 100%。,在20200911，中信行业分类划分的一级行业为纺织服装行业中，涨跌幅最大股票的股票代码是300877，涨跌幅是14.43%。,"[('300877', 14.433844877644134)]"
664,2015年末珠海健帆生物科技股份有限公司资产总额比2014年末增加了多少？,N_A,N_A
665,请问2020年三季度有多少家基金是净申购?它们的净申购份额加起来是多少?请四舍五入保留小数点两位。,2020年三季度有1259家基金是净申购，它们的净申购份额加起来是246417046941.57份。,"[(1259, 246417046941.57)]"
666,华达汽车科技股份有限公司的主要无形资产是什么？,N_A,N_A
667,最近三年及一期，江苏旷达汽车织物集团股份有限公司汽车内饰面料产品的毛利率分别为多少？呈现怎样的趋势？,N_A,N_A
668,根据江苏爱康太阳能科技股份有限公司招股意向书，2009年我国光伏新增装机容量占全球市场需求份额的多少？,N_A,N_A
669,"在20191231的年报(含半年报)中，广发景宁纯债债券A基金的债券持仓,其持有最大仓位的债券类型是什么?","在20191231的年报(含半年报)中，广发景宁纯债债券A基金的债券持仓,其持有最大仓位的债券类型是同业存单。","[('同业存单',)]"
670,20210427港股下跌的股票家数有多少家?,20210427港股下跌的股票家数有1242家。,"[(1242,)]"
671,请帮我查询下，在2021年06月的报告中，报告期基金总申购份额和报告期基金总赎回份额差额最大的一只基金的简称是什么？差额有多少？保留两位小数。,在2021年06月的报告中，报告期基金总申购份额和报告期基金总赎回份额差额最大的一只基金的简称是建信现金增利货币B，差额为21507087348.72份。,"[('建信现金增利货币B', 21507087348.72)]"
672,青海互助青稞酒股份有限公司材料采购物资主要有哪些？,N_A,N_A
673,在2021年的年度报告里，交银施罗德基金管理有限公司管理的基金中，有多少比例的基金是个人投资者持有的份额超过机构投资者？希望得到一个精确到两位小数的百分比。,在2021年的年度报告里，交银施罗德基金管理有限公司管理的基金中，有59.38%的比例的基金是个人投资者持有的份额超过机构投资者。,"[(59.38,)]"
674,请查询：在2020的年度报告中，个人投资者持有基金份额大于机构投资者持有基金份额的基金属于货币型类型的有几个。,在2020的年度报告中，个人投资者持有基金份额大于机构投资者持有基金份额的基金属于货币型类型的有8个。,"[(8,)]"
675,帮我查询在2020年12月31日，代码为008303的基金前20大重仓股票中属于中信二级其他医药医疗行业的平均市值是多少？小数点后保留不超过3位。,在2020年12月31日，代码为008303的基金前20大重仓股票中属于中信二级其他医药医疗行业的平均市值是79164.000元。,"[(79164.0,)]"
676,请帮我查询在截止2021-09-30的基金定期报告中，基金总赎回份额为零的基金有几个？,在截止2021-09-30的基金定期报告中，基金总赎回份额为零的基金有789个。,"[(789,)]"
677,帮我查一下在2021年，代码为002300的A股股票今开盘高于昨收盘的天数？,在2021年，代码为002300的A股股票今开盘高于昨收盘的天数是84天。,"[(84,)]"
678,截至本招股意向书签署日，山东海看网络科技有限公司IPTV智能运营平台能够支持多少终端用户同时在线观看？,N_A,N_A
679,请列出博时基金管理有限公司在2019年成立并且托管人为平安银行股份有限公司的所有基金的基金托管费率的平均数。,博时基金管理有限公司在2019年成立并且托管人为平安银行股份有限公司的所有基金的基金托管费率的平均数是0.1%。,"[(0.1,)]"
680,"请帮我查询下在2020年, 永赢基金管理有限公司管理的债券型基金中，持有过超短期融资券的基金有多少只？",在2020年，永赢基金管理有限公司管理的债券型基金中，持有过超短期融资券的基金有9只。,"[(9,)]"
681,青海互助青稞酒股份有限公司本次发行股票的数量、每股面值分别是多少？,N_A,N_A
682,联化科技股份有限公司主要产品处于精细化工产业链的哪个阶段？,N_A,N_A
683,帮我查询在2020年12月31日，代码为009926的基金前20大重仓股票中属于中信二级其他军工Ⅱ行业的平均市值是多少？小数点后保留不超过3位。,在2020年12月31日，代码为009926的基金前20大重仓股票中属于中信二级其他军工Ⅱ行业的平均市值是1673880.000元。,"[(1673880.0,)]"
684,读者出版传媒股份有限公司所在行业具有怎样的波动性特征？销售高峰是什么时候？,N_A,N_A
685,云南沃森生物技术股份有限公司的疫苗研发团队由多少人组成？,N_A,N_A
686,请列出格林基金管理有限公司在2020年成立并且托管人为中国农业银行股份有限公司的所有基金的基金托管费率的平均数。,格林基金管理有限公司在2020年成立并且托管人为中国农业银行股份有限公司的所有基金的基金托管费率的平均数是0.1%。,"[(0.1,)]"
687,新疆浩源天然气股份有限公司所处行业的经营特点是怎样的？,N_A,N_A
688,"帮我算一下在20211108,代码为00159的港股日价格振幅是多少，小数点后保留不超过3位。",在20211108，代码为00159的港股日价格振幅是0.031元。,"[(0.031,)]"
689,2021年一季度，有多少家基金发生了净赎回?总共赎回了多少份额?记得给我四舍五入到小数点后两位哦。,2021年一季度，共有2262家基金发生了净赎回，总共赎回了534874589391.18份。,"[(2262, 534874589391.18)]"
690,请帮我查询下股票代码为002560的股票在2020年内最高日收盘价是多少？,股票代码为002560的股票在2020年内最高日收盘价是11.72元。,"[(11.72,)]"
691,在2008年至2010年间，内蒙古君正能源化工股份有限公司的盈利能力如何？,N_A,N_A
692,杭州中恒电气股份有限公司本次募投项目涉及的新产品是什么？,N_A,N_A
693,2014年珠海健帆生物科技股份有限公司应收账款增加的主要原因是什么？,N_A,N_A
694,湖南国科微电子股份有限公司近三年四季度实现的净利润均高于全年净利润的原因有哪些？,N_A,N_A
695,请查询在2021年度，688656股票涨停天数？   解释：（收盘价/昨日收盘价-1）》=9.8% 视作涨停,在2021年度，688656股票涨停天数是4天。,"[(4,)]"
696,2016年大博医疗科技股份有限公司电费单价为什么下降？,N_A,N_A
697,截至本招股意向书出具之日，广东银禧科技股份有限公司共拥有多少发明专利？,N_A,N_A
698,"帮我算一下在20190828,代码为08613的港股日价格振幅是多少，小数点后保留不超过3位。",在20190828，代码为08613的港股日价格振幅是0.002元。,"[(0.002,)]"
699,确成硅化学股份有限公司所在地在何处？,N_A,N_A
700,烟台杰瑞石油服务集团股份有限公司的上下游行业是什么？,N_A,N_A
701,内蒙古君正能源化工股份有限公司及其子公司享受的税收优惠政策有哪些？,N_A,N_A
702,昇兴集团股份有限公司的英文名称是？,N_A,N_A
703,北京天宜上佳高新材料股份有限公司在报告期内主要从事什么业务？,N_A,N_A
704,大博医疗科技股份有限公司注册资本是多少？,N_A,N_A
705,湖南长远锂科股份有限公司董事会成员是谁？,N_A,N_A
706,我想知道2020年的中期报告中，机构投资者持有的份额占比超过75%的基金有多少，并且他们总共持有了多少?记得帮我保留两位小数。,2020年的中期报告中，机构投资者持有的份额占比超过75%的基金有800只，他们总共持有了1459905385388.85份。,"[(800, 1459905385388.85)]"
707,20200424日，一级行业为汽车的股票的成交金额合计是多少？取整。,20200424日，一级行业为汽车的股票的成交金额合计是32768262625元。,"[(32768262625.0,)]"
708,民生加银睿智一年定期开放债券基金在20200930的季报里，前三大持仓占比的债券名称是什么?,民生加银睿智一年定期开放债券基金在20200930的季报里，前三大持仓占比的债券名称是20国开05，20国开02和20国开03。,"[('20国开05',), ('20国开02',), ('20国开03',)]"
709,请帮我计算，代码为600510的股票，2020年一年持有的年化收益率有多少？百分数请保留两位小数。年化收益率定义为：（（有记录的一年的最终收盘价-有记录的一年的年初当天开盘价）/有记录的一年的当天开盘价）* 100%。,代码为600510的股票，2020年一年持有的年化收益率为0.59%。,"[('600510', 0.59)]"
710,我想知道2020年的中期报告中，机构投资者持有的份额占比超过30%的基金有多少，并且他们总共持有了多少?记得帮我保留两位小数。,2020年的中期报告中，机构投资者持有的份额占比超过30%的基金有1102只，他们总共持有了1514090034027.42份。,"[(1102, 1514090034027.42)]"
711,东莞勤上光电股份有限公司获得多少项国内专利？其中有多少项发明专利？,N_A,N_A
712,南京中电联环保股份有限公司业务范围涉及哪些行业？,N_A,N_A
713,江苏爱康太阳能科技股份有限公司拥有的控股子公司是哪些？,N_A,N_A
714,信澳慧管家货币B基金在20210630的季报里，前三大持仓占比的债券名称是什么?,信澳慧管家货币B基金在20210630的季报里，前三大持仓占比的债券名称是20沪电力SCP025，20北京银行CD082和21交通银行CD123。,"[('20沪电力SCP025',), ('20北京银行CD082',), ('21交通银行CD123',)]"
715,查询下基金代码009250的基金，它的托管人是？,查询下基金代码009250的基金，它的托管人是？,SQL未能成功执行！
716,我想知道招商安元灵活配置混合C基金在20191231的季报中，其可转债持仓占比最大的是哪个行业？用申万一级行业来统计。,用申万一级行业统计，招商安元灵活配置混合C基金在20191231的季报中，其可转债持仓占比最大的是传媒行业。,"[('传媒',)]"
717,新疆浩源天然气股份有限公司上、下游企业有哪些？,N_A,N_A
718,我想知道股票301096在申万行业分类下的二级行业是什么？用最新的数据。,根据最新数据，股票301096在申万行业分类下的二级行业是医疗服务。,"[('医疗服务',)]"
719,帮我查询在2020年12月31日，代码为009902的基金前20大重仓股票中属于中信二级生物医药Ⅱ行业的平均市值是多少？小数点后保留不超过3位。,在2020年12月31日，代码为009902的基金前20大重仓股票中属于中信二级生物医药Ⅱ行业的平均市值是41389392.000元。,"[(41389392.0,)]"
720,西安启源机电装备股份有限公司上游行业发展状况对本行业制约情况如何？,N_A,N_A
721,2018年度、2019年1～6月浙江双飞无油轴承股份有限公司出口美国收入占当期主营业收入的比例分别为多少？,N_A,N_A
722,在2021年的中期报告里，易方达基金管理有限公司管理的基金中，有多少比例的基金是个人投资者持有的份额超过机构投资者？希望得到一个精确到两位小数的百分比。,在2021年的中期报告里，易方达基金管理有限公司管理的基金中，有70.43%的比例的基金是个人投资者持有的份额超过机构投资者。,"[(70.43,)]"
723,2008年度深圳信立泰药业股份有限公司适用税率为多少的减半征收企业所得税的优惠政策？,N_A,N_A
724,湖南国科微电子股份有限公司设计的哪些产品具备较高的性价比，形成了较为明显的领先优势？,N_A,N_A
725,在2021年12月年报(含半年报)中，国泰君安君得鑫两年持有期混合C基金持有市值最多的前10只股票中，所在证券市场是上海证券交易所的有几个？,在2021年12月年报(含半年报)中，国泰君安君得鑫两年持有期混合C基金持有市值最多的前10只股票中，所在证券市场是上海证券交易所的有5个。,"[(5,)]"
726,读者出版传媒股份有限公司如何应对纸质媒体竞争加剧，消费群体扩张难度加大的经营管理风险？,N_A,N_A
727,2021年中期报告里，西部利得基金管理有限公司管理的基金中，机构投资者持有份额比个人投资者多的基金有多少只?,N_A,N_A
728,"我想了解一下兴业基金管理有限公司2020年成立的混合型基金,其管理费率的平均值是多少?请四舍五入保留小数点两位。",兴业基金管理有限公司2020年成立的混合型基金，其管理费率的平均值是1.13%。,"[(1.13,)]"
729,截止本招股意向书签署日，持有北京天宜上佳高新材料股份有限公司5%以上股份的主要股东有谁？,N_A,N_A
730,在20201031，按照申万行业分类的行业划分标准，哪个一级行业的A股公司数量最多？,在20201031，按照申万行业分类的行业划分标准，机械设备的一级行业的A股公司数量最多，为531家。,"[('机械设备', 531)]"
731,请查询：在2021的年度报告中，个人投资者持有基金份额大于机构投资者持有基金份额的基金属于债券型类型的有几个。,在2021的年度报告中，个人投资者持有基金份额大于机构投资者持有基金份额的基金属于债券型类型的有620个。,"[(620,)]"
732,我想知道易方达裕富债券A基金在20200630的季报中，其可转债持仓占比最大的是哪个行业？用申万一级行业来统计。,用申万一级行业统计，易方达裕富债券A基金在20200630的季报中，其可转债持仓占比最大的是银行行业。,"[('银行',)]"
733,报告期内，山东海看网络科技有限公司主要收入来源是什么？,N_A,N_A
734,请问在非银金融行业，20190603行业的A股公司有多少?,在非银金融行业，20190603行业的A股公司有80家。,"[(80,)]"
735,在2013年度至2016年度上半年间，华达汽车科技股份有限公司的各年（2016年度为上半年）加权平均净资产收益率（扣除非经常性损益后）分别为多少？,N_A,N_A
736,查询下基金代码007059的基金，它的管理费率是？,基金代码为007059的基金的管理费率为0.8%。,"[('0.8%',)]"
737,大连派思燃气系统股份有限公司拥有哪些制造许可证？,N_A,N_A
738,"请帮我查询下在2019年, 山西证券股份有限公司管理的债券型基金中，持有过公司债券的基金有多少只？",在2019年，山西证券股份有限公司管理的债券型基金中，持有过公司债券的基金有5只。,"[(5,)]"
739,我想知道建信基金管理有限责任公司在2020年成立了多少只管理费率小于0.8%的基金？,建信基金管理有限责任公司在2020年成立了17只管理费率小于0.8%的基金。,"[(17,)]"
740,"请帮我查询下在2020年, 安信基金管理有限责任公司管理的债券型基金中，持有过超短期融资券的基金有多少只？",在2020年，安信基金管理有限责任公司管理的债券型基金中，持有过超短期融资券的基金有2只。,"[(2,)]"
741,"请查询：2019年12月年报(含半年报),持有19农业银行CD207且是前10大重仓股的基金有几个？","2019年12月年报(含半年报),持有19农业银行CD207且是前10大重仓股的基金有5个。","[(5,)]"
742,北京天宜上佳高新材料股份有限公司在生产环节使用的什么物质属于危险化学品？,N_A,N_A
743,请查询在20210301日期，中信行业分类下电子一级行业中，当日收盘价波动最大（即最高价与最低价之差最大）的股票代码是什么？,在20210301日期，中信行业分类下电子一级行业中，当日收盘价波动最大（即最高价与最低价之差最大）的股票代码是300782。,"[('300782',)]"
744,2009年度杭州中恒电气股份有限公司室外通信电源系统销售价格较2008年度上涨的主要原因是什么？,N_A,N_A
745,山东海看网络科技有限公司所属行业的主要监管部门是什么？,N_A,N_A
746,南京中电联环保股份有限公司本次发行股数是多少？,N_A,N_A
747,我想知道易方达恒盛3个月定期开放混合基金在20210930的季报中，其可转债持仓占比最大的是哪个行业？用申万一级行业来统计。,用申万一级行业统计，易方达恒盛3个月定期开放混合基金在20210930的季报中，其可转债持仓占比最大的是银行行业。,"[('银行',)]"
748,我想知道汇添富悦享定期开放混合基金，在2021年年度报告中，前10大重仓股中，有多少只股票在报告期内取得正收益。,在2021年年度报告中，汇添富悦享定期开放混合基金的前10大重仓股中有8只股票在报告期内取得正收益。,"[(8,)]"
749,我想知道股票300645在申万行业分类下的二级行业是什么？用最新的数据。,根据最新数据，股票300645在申万行业分类下的二级行业是计算机应用。,"[('计算机应用',)]"
750,深圳市铁汉生态环境股份有限公司如何发放劳务公司施工人员的工资？,N_A,N_A
751,"请查询：2020年12月年报(含半年报),持有20交投Y4且是前10大重仓股的基金有几个？","2020年12月年报(含半年报),持有20交投Y4且是前10大重仓股的基金有4个。","[(4,)]"
752,确成硅化学股份有限公司的控股股东是谁？,N_A,N_A
753,20201027日，请给出华安添瑞6个月持有期混合C基金的管理人和累计单位净值。,20201027日，请给出华安添瑞6个月持有期混合C基金的管理人是华安基金管理有限公司，累计单位净值是1.04元。,"[('华安基金管理有限公司', 1.04)]"
754,宁波立立电子股份有限公司募集资金的6－8英寸硅抛光片扩产项目总投资为多少？,N_A,N_A
755,报告期内，珠海健帆生物科技股份有限公司核心技术产品的销售收入分别是多少？,N_A,N_A
756,截至本招股意向书签署日，确成硅化学股份有限公司拥有几家控股子公司？,N_A,N_A
757,报告期内，大博医疗科技股份有限公司主营业务的毛利率是多少？,N_A,N_A
758,我想知道交银施罗德可转债债券C基金在20200331的季报中，其可转债持仓占比最大的是哪个行业？用申万一级行业来统计。,用申万一级行业统计，交银施罗德可转债债券C基金在20200331的季报中，其可转债持仓占比最大的是银行行业。,"[('银行',)]"
759,在2020年12月季报中，持有温氏股份这一股票且市值占基金资产净值比不小于5%的有几只基金？,在2020年12月季报中，持有温氏股份这一股票且市值占基金资产净值比不小于5%的有1只基金。,"[(1,)]"
760,我想知道金鹰鑫益灵活配置混合E基金在20190930的季报中，其可转债持仓占比最大的是哪个行业？用申万一级行业来统计。,用申万一级行业统计，金鹰鑫益灵活配置混合E基金在20190930的季报中，其可转债持仓占比最大的是传媒行业。,"[('传媒',)]"
761,本次发行前，东莞勤上光电股份有限公司总股本为多少？本次发行的股份约占发行后总股本的比例为多少？,N_A,N_A
762,20211104日，开盘价较上一交易日最高价高的股票有多少只？（如上一交易日没有某只股票，则不统计在内）,20211104日，开盘价较上一交易日最高价高的股票有406只。,"[(406,)]"
763,我想知道国泰信用互利债券A基金在20211231的季报中，其可转债持仓占比最大的是哪个行业？用申万一级行业来统计。,用申万一级行业统计，国泰信用互利债券A基金在20211231的季报中，其可转债持仓占比最大的是电子行业。,"[('电子',)]"
764,请帮我查询下股票代码为002925的股票在2021年内最高日收盘价是多少？,股票代码为002925的股票在2021年内最高日收盘价是71.99元。,"[(71.99,)]"
765,报告期内，海南双成药业股份有限公司保护氨基酸的采购量怎样变化？产生这样变化的主要原因是什么？,N_A,N_A
766,湖南国科微电子股份有限公司所处行业竞争激烈，什么因素可能对公司的成长性带来不利影响？,N_A,N_A
767,请帮我查询在截止2020-06-30的基金定期报告中，基金总赎回份额为零的基金有几个？,在截止2020-06-30的基金定期报告中，基金总赎回份额为零的基金有546个。,"[(546,)]"
768,请查询在2020年度，300397股票涨停天数？   解释：（收盘价/昨日收盘价-1）》=9.8% 视作涨停,在2020年度，300397股票涨停天数是8天。,"[(8,)]"
769,请问股票代码为600578的股票在2019年内日成交量低于该股票当年平均日成交量的有多少个交易日？,股票代码为600578的股票在2019年内日成交量低于该股票当年平均日成交量的有148个交易日。,"[(148,)]"
770,兰州海默科技股份有限公司的哪些产品处于推广阶段？,N_A,N_A
771,2008年南京中电联环保股份有限公司营业收入增长主要来源是什么？,N_A,N_A
772,在本招股意向书的报告期内，常熟风范电力设备股份有限公司生产所需的主要原材料是什么？,N_A,N_A
773,2020年一季度，有多少家基金发生了净赎回?总共赎回了多少份额?记得给我四舍五入到小数点后两位哦。,2020年一季度，共有996家基金发生了净赎回，总共赎回了196350640124.80份。,"[(996, 196350640124.8)]"
774,帮我查一下在2020年，代码为000929的A股股票今开盘高于昨收盘的天数？,在2020年，代码为000929的A股股票今开盘高于昨收盘的天数是90天。,"[(90,)]"
775,我想知道鹏华丰诚债券A基金在20200930的季报中，其可转债持仓占比最大的是哪个行业？用申万一级行业来统计。,用申万一级行业统计，鹏华丰诚债券A基金在20200930的季报中，其可转债持仓占比最大的是家用电器行业。,"[('家用电器',)]"
776,真兰仪表的主营业务是什么？,N_A,N_A
777,请帮我查询出20210511日，建筑装饰一级行业涨幅超过5%（不包含）的股票数量。,20210511日，建筑装饰一级行业涨幅超过5%（不包含）的股票数量为5。,"[(5,)]"
778,西安启源机电装备股份有限公司战略委员会成员由几名公司董事组成？,N_A,N_A
779,请帮我查询下股票代码为002870的股票在2021年内最高日收盘价是多少？,股票代码为002870的股票在2021年内最高日收盘价是45.54元。,"[(45.54,)]"
780,帮我查一下在2020年，代码为601028的A股股票今开盘高于昨收盘的天数？,在2020年，代码为601028的A股股票今开盘高于昨收盘的天数是121天。,"[(121,)]"
781,20190917日，成交金额最大的前三家上市公司的股票代码是什么？按成交金额从大到小给出,20190917日，成交金额最大的前三家上市公司的股票代码从大到小分别是601318，000063和300059。,"[('601318',), ('000063',), ('300059',)]"
782,截至2010年6月30日，西安启源机电装备股份有限公司在册员工总数为多少人？,N_A,N_A
783,20190401日，成交金额最大的前三家上市公司的股票代码是什么？按成交金额从大到小给出,20190401日，成交金额最大的前三家上市公司的股票代码从大到小分别是600030，601318和300059。,"[('600030',), ('601318',), ('300059',)]"
784,我想知道信澳量化多因子混合(LOF)A在2020年Q1的季报中，该基金的第5大重仓股的代码是什么?,信澳量化多因子混合(LOF)A在2020年Q1的季报中，该基金的第5大重仓股的代码是300012，股票简称是华测检测。,"[('300012', '华测检测')]"
785,20190726日，一级行业为化工的股票的成交量合计是多少？取整。,20190726日，一级行业为化工的股票的成交量合计是2342532922股。,"[(2342532922.0,)]"
786,广州中海达卫星导航技术股份有限公司的主要发起人是谁？,N_A,N_A
787,我想知道在2019年，广发基金管理有限公司已发行的基金中，有多少只基金报告期期初基金总份额小于报告期期末基金总份额(使用每只基金当年最晚的定期报告数据计算)？,在2019年，广发基金管理有限公司已发行的基金中，有14只基金报告期期初基金总份额小于报告期期末基金总份额。,"[(14,)]"
788,广东银禧科技股份有限公司设立时的发起人是谁？,N_A,N_A
789,请帮我查询在截止2019-03-31的基金定期报告中，基金总赎回份额为零的基金有几个？,在截止2019-03-31的基金定期报告中，基金总赎回份额为零的基金有110个。,"[(110,)]"
790,2017年大博医疗科技股份有限公司收到了哪家公司的侵犯专利诉讼？,N_A,N_A
791,珠海健帆生物科技股份有限公司在哪些方面形成了较强的竞争优势？,N_A,N_A
792,"请查询：2019年12月年报(含半年报),持有19农业银行CD120且是前10大重仓股的基金有几个？","2019年12月年报(含半年报),持有19农业银行CD120且是前10大重仓股的基金有2个。","[(2,)]"
793,根据武汉兴图新科电子股份有限公司招股意向书，电子信息行业的下游主要包括哪些行业？,N_A,N_A
794,招股意向书中所披露的湖南长远锂科股份有限公司的特别风险因素有哪些？,N_A,N_A
795,武汉兴图新科电子股份有限公司参与的哪个工程荣获了国家科技进步一等奖？,N_A,N_A
796,云南沃森生物技术股份有限公司先后承担了多少国家级、省级、市级课题项目？,N_A,N_A
797,海南双成药业股份有限公司的主导产品是什么？,N_A,N_A
798,国寿安保泰恒纯债债券基金在20200630且报告类型是年报(含半年报)的持债市值中，哪类债券市值最高？,国寿安保泰恒纯债债券基金在20200630且报告类型是年报(含半年报)的持债市值中，中期票据债券市值最高。,"[('中期票据',)]"
799,截止2006 年6月30日，湖南南岭民用爆破器材股份有限公司是否有长期借款，余额为多少？,N_A,N_A
800,北京天宜上佳高新材料股份有限公司的控股股东是谁？持有多少的股份？,N_A,N_A
801,2007年广东银禧科技股份有限公司收购了银禧工塑多少股份？这次收购的目的是什么？,N_A,N_A
802,在2020年的年度报告里，华安基金管理有限公司管理的基金中，有多少比例的基金是个人投资者持有的份额超过机构投资者？希望得到一个精确到两位小数的百分比。,在2020年的年度报告里，华安基金管理有限公司管理的基金中，有56.86%的比例的基金是个人投资者持有的份额超过机构投资者。,"[(56.86,)]"
803,烟台杰瑞石油服务集团股份有限公司的劣势是什么？,N_A,N_A
804,请问2020年一季度有多少家基金是净申购?它们的净申购份额加起来是多少?请四舍五入保留小数点两位。,2020年一季度有798家基金是净申购，它们的净申购份额加起来是325062572784.25份。,"[(798, 325062572784.25)]"
805,请帮我计算，代码为300142的股票，2020年一年持有的年化收益率有多少？百分数请保留两位小数。年化收益率定义为：（（有记录的一年的最终收盘价-有记录的一年的年初当天开盘价）/有记录的一年的当天开盘价）* 100%。,代码为300142的股票，2020年一年持有的年化收益率为15.10%。,"[('300142', 15.1)]"
806,请问2021年四季度有多少家基金是净申购?它们的净申购份额加起来是多少?请四舍五入保留小数点两位。,2021年四季度有1696家基金是净申购，它们的净申购份额加起来是456868200841.76份。,"[(1696, 456868200841.76)]"
807,中国铁路通信信号股份有限公司的实际控制人是谁？,N_A,N_A
808,20190408日，开盘价较上一交易日最高价高的股票有多少只？（如上一交易日没有某只股票，则不统计在内）,20190408日，开盘价较上一交易日最高价高的股票有537只。,"[(537,)]"
809,广州中海达卫星导航技术股份有限公司的国内营销网络七大区是哪些？,N_A,N_A
810,截止2005年12月31日，南岭化工厂的总资产和净资产分别是多少？,N_A,N_A
811,截至2017年12月31日，汉嘉设计集团股份有限公司无形资产原值为多少？ 账面价值为多少？,N_A,N_A
812,20210218港股下跌的股票家数有多少家?,20210218港股下跌的股票家数有1959家。,"[(1959,)]"
813,2007年度，联化科技股份有限公司向欧盟出口的销售收入占公司工业业务收入的比重是多少？,N_A,N_A
814,请问股票代码为600601的股票在2019年内日成交量低于该股票当年平均日成交量的有多少个交易日？,股票代码为600601的股票在2019年内日成交量低于该股票当年平均日成交量的有178个交易日。,"[(178,)]"
815,报告期各期，深圳市铁汉生态环境股份有限公司 经营活动产生的现金流量净额分别为多少？,N_A,N_A
816,"请帮我查询在2020年,恒生前海基金管理有限公司成立哪种类型的基金个数最多?","在2020年,恒生前海基金管理有限公司成立债券型的基金个数最多。","[('债券型',)]"
817,请帮我查询下股票代码为301182的股票在2021年内最高日收盘价是多少？,股票代码为301182的股票在2021年内最高日收盘价是48.34元。,"[(48.34,)]"
818,珠海健帆生物科技股份有限公司的产品已覆盖全国多少个省市和医院？,N_A,N_A
819,招商基金管理有限公司管理的混合型产品的数量有多少?,招商基金管理有限公司管理的混合型产品的数量是34只。,"[(34,)]"
820,请查询：在20190729，属于申万二级橡胶行业的A股股票，它们的平均成交金额是多少？小数点后保留不超过5位。,在20190729，属于申万二级橡胶行业的A股股票，它们的平均成交金额是41964749.89474元。,"[(41964749.89474,)]"
821,根据招股意向书，预计昇兴集团股份有限公司2015年1-3月实现销售收入的范围是？,N_A,N_A
822,融通增强收益债券C基金在20201231的季报里，前三大持仓占比的债券名称是什么?,融通增强收益债券C基金在20201231的季报里，前三大持仓占比的债券名称是20国开06，20进出08和国开1805。,"[('20国开06',), ('20进出08',), ('国开1805',)]"
823,请查询：在20190906，属于申万二级营销传播行业的A股股票，它们的平均成交金额是多少？小数点后保留不超过5位。,在20190906，属于申万二级营销传播行业的A股股票，它们的平均成交金额是114525816.70000元。,"[(114525816.7,)]"
824,2019年三季度，有多少家基金发生了净赎回?总共赎回了多少份额?记得给我四舍五入到小数点后两位哦。,2019年三季度，共有598家基金发生了净赎回，总共赎回了115607107036.04份。,"[(598, 115607107036.04)]"
825,在2021年11月22日，使用中信行业分类标准，股票代码600267是属于哪个一级行业的?,在2021年11月22日，使用中信行业分类标准，股票代码600267属于医药一级行业。,"[('医药',)]"
826,烟台杰瑞石油服务集团股份有限公司的产品和服务主要应用于哪个行业？,N_A,N_A
827,大博医疗科技股份有限公司合并报表中商誉的金额是多少？,N_A,N_A
828,20201231日，建筑装饰一级行业有多少只A股股票？,20201231日，建筑装饰一级行业有166只A股股票。,"[(166,)]"
829,请帮我计算，代码为601117的股票，2020年一年持有的年化收益率有多少？百分数请保留两位小数。年化收益率定义为：（（有记录的一年的最终收盘价-有记录的一年的年初当天开盘价）/有记录的一年的当天开盘价）* 100%。,代码为601117的股票，2020年一年持有的年化收益率为-9.41% 。,"[('601117', -9.41)]"
830,兰州海默科技股份有限公司的销售方式主要有哪两种？,N_A,N_A
831,在2019年报中，中科沃土沃瑞灵活配置混合C基金第七大重仓股的代码和股票名称是什么？,在2019年报中，中科沃土沃瑞灵活配置混合C基金第七大重仓股的代码是688358，股票名称是祥生医疗。,"[('688358', '祥生医疗')]"
832,20200616日，成交金额最大的前三家上市公司的股票代码是什么？按成交金额从大到小给出,20200616日，成交金额最大的前三家上市公司的股票代码从大到小分别是600918，000063和300059。,"[('600918',), ('000063',), ('300059',)]"
833,2020年四季度，有多少家基金发生了净赎回?总共赎回了多少份额?记得给我四舍五入到小数点后两位哦。,2020年四季度，共有2038家基金发生了净赎回，总共赎回了387213188588.97份。,"[(2038, 387213188588.97)]"
834,2009年南京中电联环保股份有限公司支付给职工以及为职工支付的现金共计为多少？,N_A,N_A
835,根据中国证监会颁布《上市公司行业分类指引（ 2012 年修订）》，中国铁路通信信号股份有限公司所属的行业是？,N_A,N_A
836,云南沃森生物技术股份有限公司生产的的冻干A、C群脑膜炎球菌多糖结合疫苗具有怎样的国际地位？,N_A,N_A
837,浙江双飞无油轴承股份有限公司收入是否与其下游客户规模匹配？,N_A,N_A
838,20210907日，一级行业为家用电器的股票的成交量合计是多少？取整。,20210907日，一级行业为家用电器的股票的成交量合计是896842437股。,"[(896842437.0,)]"
839,我想知道泰康申润一年持有期混合C基金在20210331的季报中，其可转债持仓占比最大的是哪个行业？用申万一级行业来统计。,用申万一级行业统计，泰康申润一年持有期混合C基金在20210331的季报中，其可转债持仓占比最大的是银行行业。,"[('银行',)]"
840,20190812日，一级行业为家用电器的股票的成交金额合计是多少？取整。,20190812日，一级行业为家用电器的股票的成交金额合计是4493443510元。,"[(4493443510.0,)]"
841,我想知道蜂巢基金管理有限公司在2020年成立了多少只管理费率小于0.8%的基金？,蜂巢基金管理有限公司在2020年成立了11只管理费率小于0.8%的基金。,"[(11,)]"
842,"假设股票日收益率计算公式为：日收益率 = （当日收盘价-昨收盘价）/昨收盘价。请帮我找到在2019年，中信行业分类行业划分标准,建筑一级行业中, 代码为多少的股票的日均收益率最高？",在2019年，中信行业分类行业划分标准，建筑一级行业中，代码为603815的股票的日均收益率最高，为2.646%。,"[('603815', 2.64561579479113)]"
843,内蒙古君正能源化工股份有限公司发行前每股净资产为多少元？,N_A,N_A
844,兰州海默科技股份有限公司的实际控制人是谁？,N_A,N_A
845,在2021年报中，荃银高科和格力地产分别在多少只基金的前10大重仓股里？,在2021年报中，荃银高科和格力地产分别在10只基金的前10大重仓股里。,"[(10,)]"
846,请帮我查询在截止2019-09-30的报告期间，基金总份额降低的基金数量是多少？,在截止2019-09-30的报告期间，基金总份额降低的基金数量是598只。,"[(598,)]"
847,深圳信立泰药业股份有限公司注射盐酸头孢吡肟（信力威、1.0 克装）在2006 年、2007 年、2008 年、2009 年1-6 月的最高零售价格分别为多少？,N_A,N_A
848,"请帮我查询下在2020年, 西部利得基金管理有限公司管理的债券型基金中，持有过可交换公司债券的基金有多少只？",在2020年，西部利得基金管理有限公司管理的债券型基金中，持有过可交换公司债券的基金有2只。,"[(2,)]"
849,20201207日，请给出嘉合永泰优选三个月持有期混合(FOF)C基金的管理人和累计单位净值。,20201207日，请给出嘉合永泰优选三个月持有期混合(FOF)C基金的管理人是嘉合基金管理有限公司，累计单位净值是1.0165元。,"[('嘉合基金管理有限公司', 1.0165)]"
850,请帮我计算，代码为000776的股票，2020年一年持有的年化收益率有多少？百分数请保留两位小数。年化收益率定义为：（（有记录的一年的最终收盘价-有记录的一年的年初当天开盘价）/有记录的一年的当天开盘价）* 100%。,代码为000776的股票，2020年一年持有的年化收益率为5.03%。,"[('000776', 5.03)]"
851,广东银禧科技股份有限公司的控股股东是谁？,N_A,N_A
852,"请帮我查询下，在20201030，中信行业分类里一级行业为房地产行业的所有股票里, 成交金额(元)最多的股票的代码是什么？成交金额是多少？","在20201030，中信行业分类里一级行业为房地产行业的所有股票里, 成交金额(元)最多的股票的代码是000002，成交金额是2612104090.0元。","[('000002', 2612104090.0)]"
853,目前新疆浩源天然气股份有限公司的上游供应商是？,N_A,N_A
854,大博医疗科技股份有限公司的主要技术有哪些？,N_A,N_A
855,上海真兰仪表科技股份有限公司何时完成与主业不相关的电气业务剥离？,N_A,N_A
856,中国铁路通信信号股份有限公司生产经营中是否涉及环境污染？如果涉及，涉及环境污染的环节有哪些？,N_A,N_A
857,读者出版传媒股份有限公司的主要业务是什么？,N_A,N_A
858,20200617日，成交金额最大的前三家上市公司的股票代码是什么？按成交金额从大到小给出,20200617日，成交金额最大的前三家上市公司的股票代码从大到小分别是002400，600918和002030。,"[('002400',), ('600918',), ('002030',)]"
859,我想知道鹏扬聚利六个月持有期债券A基金在20201231的年报(含半年报)中，其可转债持仓占比最大的是哪个行业？用中信一级行业来统计。,用中信一级行业统计，鹏扬聚利六个月持有期债券A基金在20201231的年报(含半年报)中，其可转债持仓占比最大的是银行行业。,"[('银行',)]"
860,请帮我查询下，在2021年03月的报告中，报告期基金总申购份额和报告期基金总赎回份额差额最大的一只基金的简称是什么？差额有多少？保留两位小数。,在2021年03月的报告中，报告期基金总申购份额和报告期基金总赎回份额差额最大的一只基金的简称是鹏华添利宝货币B，差额为46226592575.53份。,"[('鹏华添利宝货币B', 46226592575.53)]"
861,勤上有限何时变更为内资企业？,勤上有限何时变更为内资企业？,SQL未能成功执行！
862,北京天宜上佳高新材料股份有限公司的注册资本是多少？,N_A,N_A
863,20210701日，请给出博道嘉兴一年持有期混合基金的管理人和累计单位净值。,20210701日，博道嘉兴一年持有期混合基金的管理人是博道基金管理有限公司，累计单位净值是1.2561元。,"[('博道基金管理有限公司', 1.2561)]"
864,请查询：在20200319，属于申万二级电气自动化设备行业的A股股票，它们的平均成交金额是多少？小数点后保留不超过5位。,在20200319，属于申万二级电气自动化设备行业的A股股票，它们的平均成交金额是204115497.39535元。,"[(204115497.39535,)]"
865,西部利得得尊纯债债券C基金在20211231且报告类型是季报的持债市值中，哪类债券市值最高？,西部利得得尊纯债债券C基金在20211231且报告类型是季报的持债市值中，金融债券市值最高。,"[('金融债券',)]"
866,2015年2016 年，汉嘉设计集团股份有限公司主营业务成本中，人工费用占主营业务成本比例分别为多少？,N_A,N_A
867,浙江双飞无油轴承股份有限公司客户为哪些行业的企业？,N_A,N_A
868,湖南长远锂科股份有限公司的采购模式是怎样的？,N_A,N_A
869,我想知道长城品质成长混合C基金，在2021年半年度报告中，前10大重仓股中，有多少只股票在报告期内取得正收益。,在2021年半年度报告中，长城品质成长混合C基金的前10大重仓股中有10只股票在报告期内取得正收益。,"[(10,)]"
870,鹏华添利宝货币B基金在20210331且报告类型是季报的持债市值中，哪类债券市值最高？,鹏华添利宝货币B基金在20210331且报告类型是季报的持债市值中，同业存单债券市值最高。,"[('同业存单',)]"
871,浙江开尔新材料股份有限公司成立时主要产品有什么？,N_A,N_A
872,请帮我查询在截止2019-06-30的基金定期报告中，基金总赎回份额为零的基金有几个？,在截止2019-06-30的基金定期报告中，基金总赎回份额为零的基金有142个。,"[(142,)]"
873,在2020年12月年报(含半年报)中，中欧真益稳健一年持有期混合C基金持有市值最多的前10只股票中，所在证券市场是深圳证券交易所的有几个？,在2020年12月年报(含半年报)中，中欧真益稳健一年持有期混合C基金持有市值最多的前10只股票中，所在证券市场是深圳证券交易所的有6个。,"[(6,)]"
874,请帮我查询下，在2020年03月的报告中，报告期基金总申购份额和报告期基金总赎回份额差额最大的一只基金的简称是什么？差额有多少？保留两位小数。,在2020年03月的报告中，报告期基金总申购份额和报告期基金总赎回份额差额最大的一只基金的简称是华夏中证5G通信主题ETF，差额为23288000000.0份。,"[('华夏中证5G通信主题ETF', 23288000000.0)]"
875,20190129日，成交金额最大的前三家上市公司的股票代码是什么？按成交金额从大到小给出,20190129日，成交金额最大的前三家上市公司的股票代码从大到小分别是601318，000651和600519。,"[('601318',), ('000651',), ('600519',)]"
876,在2019年12月季报中，持有长实集团这一股票且市值占基金资产净值比不小于5%的有几只基金？,在2019年12月季报中，持有长实集团这一股票且市值占基金资产净值比不小于5%的有2只基金。,"[(2,)]"
877,2019年四季度，有多少家基金发生了净赎回?总共赎回了多少份额?记得给我四舍五入到小数点后两位哦。,2019年四季度，共有853家基金发生了净赎回，总共赎回了120038306599.93份。,"[(853, 120038306599.93)]"
878,青海互助青稞酒股份有限公司本次发行后总股本不超过多少？,N_A,N_A
879,生态环境建设行业的上游是什么行业？,生态环境建设行业的上游是什么行业？,SQL未能成功执行！
880,华达汽车科技股份有限公司的下游行业是什么？主要客户有哪些？,N_A,N_A
881,根据读者出版传媒股份有限公司招股意向书，2013年我国新闻出版产业的利润总额是多少？,N_A,N_A
882,在2020年12月季报中，持有九洲药业这一股票且市值占基金资产净值比不小于5%的有几只基金？,在2020年12月季报中，持有九洲药业这一股票且市值占基金资产净值比不小于5%的有12只基金。,"[(12,)]"
883,"在20200630的年报(含半年报)中，国泰农惠定期开放债券基金的债券持仓,其持有最大仓位的债券类型是什么?","在20200630的年报(含半年报)中，国泰农惠定期开放债券基金的债券持仓,其持有最大仓位的债券类型是中期票据。","[('中期票据',)]"
884,内蒙古君正能源化工股份有限公司产业链的核心环节是什么？,N_A,N_A
885,海南双成药业股份有限公司的核心技术优势是什么？,N_A,N_A
886,为防止技术失密，华达汽车科技股份有限公司采取了哪些措施？,N_A,N_A
887,大连派思燃气系统股份有限公司的技术开发机构在何时被认定为省级企业技术中心？,N_A,N_A
888,查询下基金代码010663的基金，它的管理费率是？,基金代码为010663的基金的管理费率为1.2%。,"[('1.2%',)]"
889,请帮我查询在截止2020-09-30的基金定期报告中，基金总赎回份额为零的基金有几个？,在截止2020-09-30的基金定期报告中，基金总赎回份额为零的基金有757个。,"[(757,)]"
890,若2011年、2012年深圳信立泰药业股份有限公司未被认定为高新技术企业，则按照新税法规定，公司将分别按照多少税率缴纳企业所得税？,N_A,N_A
891,20200907日，请给出华宝大健康混合A基金的管理人和累计单位净值。,20200907日，华宝大健康混合A基金的管理人是华宝基金管理有限公司，累计单位净值是1.9347元。,"[('华宝基金管理有限公司', 1.9347)]"
892,我想知道凯石沣混合C基金在20201231的年报(含半年报)中，其可转债持仓占比最大的是哪个行业？用中信一级行业来统计。,用中信一级行业统计，凯石沣混合C基金在20201231的年报(含半年报)中，其可转债持仓占比最大的是银行行业。,"[('银行',)]"
893,在2020年报中，招商沪深300高贝塔指数基金第三大重仓股的代码和股票名称是什么？,在2020年报中，招商沪深300高贝塔指数基金第三大重仓股的代码和股票名称是什么？资料：[]答案：抱歉，我无法回答这个问题，因为缺少提供的资料。如果您能提供 more context 或者 question details，我会尽力帮助您完成任务。,[]
894,根据该招股意向书，江苏旷达汽车织物集团股份有限公司正在从事研发项目包括哪些？,N_A,N_A
895,在2021年报中，鹏华核心优势混合A基金第十大重仓股的代码和股票名称是什么？,在2021年报中，鹏华核心优势混合A基金第十大重仓股的代码是01585，股票名称是雅迪控股。,"[('01585', '雅迪控股')]"
896,2021年四季度，有多少家基金发生了净赎回?总共赎回了多少份额?记得给我四舍五入到小数点后两位哦。,2021年四季度，共有2143家基金发生了净赎回，总共赎回了285843272136.08份。,"[(2143, 285843272136.08)]"
897,20211027日，请给出光大阳光稳债收益12个月持有期债券C基金的管理人和单位净值。单位净值保留两位小数。,20211027日，请给出光大阳光稳债收益12个月持有期债券C基金的管理人是上海光大证券资产管理有限公司，单位净值是1.03元。,"[('上海光大证券资产管理有限公司', 1.03)]"
898,我想知道在2020年，南方基金管理股份有限公司已发行的基金中，有多少只基金报告期期初基金总份额小于报告期期末基金总份额(使用每只基金当年最晚的定期报告数据计算)？,在2020年，南方基金管理股份有限公司已发行的基金中，有43只基金报告期期初基金总份额小于报告期期末基金总份额。,"[(43,)]"
899,请查询：在20201130，属于申万二级农产品加工行业的A股股票，它们的平均成交金额是多少？小数点后保留不超过5位。,在20201130，属于申万二级农产品加工行业的A股股票，它们的平均成交金额是352904414.68421元。,"[(352904414.68421,)]"
900,我想知道在2019年，泓德基金管理有限公司已发行的基金中，有多少只基金报告期期初基金总份额小于报告期期末基金总份额(使用每只基金当年最晚的定期报告数据计算)？,在2019年，泓德基金管理有限公司已发行的基金中，有1只基金报告期期初基金总份额小于报告期期末基金总份额。,"[(1,)]"
901,海南双成药业股份有限公司的竞争劣势有哪些？,N_A,N_A
902,在2019年报中，鹏华核心优势混合A基金第四大重仓股的代码和股票名称是什么？,在2019年报中，鹏华核心优势混合A基金第四大重仓股的代码是600036，股票名称是招商银行。,"[('600036', '招商银行')]"
903,20190724日，一级行业为医药生物的股票的成交量合计是多少？取整。,20190724日，一级行业为医药生物的股票的成交量合计是1549865529股。,"[(1549865529.0,)]"
904,股票600290在20211105日期中的收盘价是多少?（小数点保留3位）,股票600290在20211105日期中的收盘价是3.400元。,"[(3.4,)]"
905,请问2020年二季度有多少家基金是净申购?它们的净申购份额加起来是多少?请四舍五入保留小数点两位。,2020年二季度有870家基金是净申购，它们的净申购份额加起来是212728204287.07份。,"[(870, 212728204287.07)]"
906,我想知道前海开源中药研究精选股票A在2021年Q2的季报中，该基金的第4大重仓股的代码是什么?,前海开源中药研究精选股票A在2021年Q2的季报中，该基金的第4大重仓股的代码是600085，股票简称是同仁堂。,"[('600085', '同仁堂')]"
907,读者出版传媒股份有限公司董事是谁？,N_A,N_A
908,请问2021年一季度有多少家基金是净申购?它们的净申购份额加起来是多少?请四舍五入保留小数点两位。,2021年一季度有1516家基金是净申购，它们的净申购份额加起来是384235026323.63份。,"[(1516, 384235026323.63)]"
909,江苏爱康太阳能科技股份有限公司报告期内第一大客户是谁？,N_A,N_A
910,请帮我计算，代码为603937的股票，2020年一年持有的年化收益率有多少？百分数请保留两位小数。年化收益率定义为：（（有记录的一年的最终收盘价-有记录的一年的年初当天开盘价）/有记录的一年的当天开盘价）* 100%。,代码为603937的股票，2020年一年持有的年化收益率为-11.74%。,"[('603937', -11.74)]"
911,"我想了解一下银华基金管理股份有限公司2020年成立的债券型基金,其管理费率的平均值是多少?请四舍五入保留小数点两位。",银华基金管理股份有限公司2020年成立的债券型基金，其管理费率的平均值是0.32%。,"[(0.32,)]"
912,"请查询：2020年12月年报(含半年报),持有16华润01且是前10大重仓股的基金有几个？","请查询：2020年12月年报(含半年报),持有16华润01且是前10大重仓股的基金有2个。","[(2,)]"
913,在2021年的中期报告里，博时基金管理有限公司管理的基金中，有多少比例的基金是个人投资者持有的份额超过机构投资者？希望得到一个精确到两位小数的百分比。,在2021年的中期报告里，博时基金管理有限公司管理的基金中，有59.20%的比例的基金是个人投资者持有的份额超过机构投资者。,"[(59.2,)]"
914,20201116日，一级行业为综合金融的股票的成交量合计是多少？取整。,20201116日，一级行业为综合金融的股票的成交量合计是116221778股。,"[(116221778.0,)]"
915,海南双成药业股份有限公司的经营范围是什么？,N_A,N_A
916,江苏旷达汽车织物集团股份有限公司是否存在管理风险？有哪些管理风险？,N_A,N_A
917,在2020年报中，南方荣尊混合A基金第六大重仓股的代码和股票名称是什么？,在2020年报中，南方荣尊混合A基金第六大重仓股的代码是600048，股票名称是保利发展。,"[('600048', '保利发展')]"
918,广东银禧科技股份有限公司注册资本是多少？,N_A,N_A
919,2019年中期报告里，东方基金管理股份有限公司管理的基金中，机构投资者持有份额比个人投资者多的基金有多少只?,N_A,N_A
920,请帮我计算：在20190612，日收益率为负的A股股票有几个。,在20190612，日收益率为负的A股股票有2466个。,"[(2466,)]"
921,大博医疗科技股份有限公司在2015年受到了哪些行政处罚？,N_A,N_A
922,2010年和2009年浙江开尔新材料股份有限公司签署的海外项目折合人民币金额分别是多少？,N_A,N_A
923,我想知道兴全合宜灵活配置混合(LOF)C在2021年Q1的季报中，该基金的第2大重仓股的代码是什么?,兴全合宜灵活配置混合(LOF)C在2021年Q1的季报中，该基金的第2大重仓股的代码是06690，股票简称是海尔智家。,"[('06690', '海尔智家')]"
924,湖南长远锂科股份有限公司日常业务的经营主要涉及哪些部门？,N_A,N_A
925,请帮我查询下股票代码为600351的股票在2021年内最高日收盘价是多少？,股票代码为600351的股票在2021年内最高日收盘价是9.15元。,"[(9.15,)]"
926,烟台杰瑞石油服务集团股份有限公司获得过哪些荣誉称号？,N_A,N_A
927,为推广IPTV业务并提升山东海看网络科技有限公司IPTV业务知名度，报告期内山东海看网络科技有限公司要主要通过什么方式进行业务宣传？,N_A,N_A
928,南京中电联环保股份有限公司的住所为？,N_A,N_A
929,浙江开尔新材料股份有限公司本次发行拟发行股份多少？发行后总股本为多少？,N_A,N_A
930,2018年、2019年及2020年，森赫电梯股份有限公司境外销售收入分别为多少万元？占主营业务收入的比例为多少？,N_A,N_A
931,"假设股票日收益率计算公式为：日收益率 = （当日收盘价-昨收盘价）/昨收盘价。请帮我找到在2020年，中信行业分类行业划分标准,非银行金融一级行业中, 代码为多少的股票的日均收益率最高？",在2020年，中信行业分类行业划分标准，非银行金融一级行业中，代码为601995的股票的日均收益率最高，为2.37%。,"[('601995', 2.369647877294702)]"
932,珠海健帆生物科技股份有限公司计划投资多少资金用于扩建研发中心？,N_A,N_A
933,根据中国证监会颁布的《上市公司行业分类指导》的规定，西安启源机电装备股份有限公司所属的行业大类、中类、小类是什么？,N_A,N_A
934,20210429港股下跌的股票家数有多少家?,20210429港股下跌的股票家数有1135家。,"[(1135,)]"
935,请帮我查询下，在2021年09月的报告中，报告期基金总申购份额和报告期基金总赎回份额差额最大的一只基金的简称是什么？差额有多少？保留两位小数。,在2021年09月的报告中，报告期基金总申购份额和报告期基金总赎回份额差额最大的一只基金的简称是建信现金增利货币B，差额为19400369672.31份。,"[('建信现金增利货币B', 19400369672.31)]"
936,我想知道在20200930的季报里，东兴中证消费50指数C投资的股票分别是哪些申万一级行业？,在20200930的季报里，东兴中证消费50指数C投资的股票分别属于以下申万一级行业：食品饮料，家用电器，农林牧渔，休闲服务。,"[('食品饮料',), ('家用电器',), ('农林牧渔',), ('休闲服务',)]"
937,江苏爱康太阳能科技股份有限公司成立时，主要发起人是谁？,N_A,N_A
938,帮我查一下上银中证500指数增强C基金在20210827的资产净值和单位净值是多少?,上银中证500指数增强C基金在20210827的资产净值是68466391.45元，单位净值是1.1938元。,"[(68466391.45, 1.1938, '上银中证500指数增强C')]"
939,请帮我查询出20210712日，建材一级行业涨幅超过5%（不包含）的股票数量。,20210712日，建材一级行业涨幅超过5%（不包含）的股票数量为12。,"[(12,)]"
940,请帮我查询下，在2020年Q4季报报告中，008572基金的第一大重仓可转债同期还有多少只基金也进行了持仓？,在2020年Q4季报报告中，008572基金的第一大重仓可转债同期还有27只基金也进行了持仓。,"[(27,)]"
941,2017年1-6月，大博医疗科技股份有限公司水费单价为什么上升？,N_A,N_A
942,"在20190630的年报(含半年报)中，德邦锐兴债券A基金的债券持仓,其持有最大仓位的债券类型是什么?","在20190630的年报(含半年报)中，德邦锐兴债券A基金的债券持仓,其持有最大仓位的债券类型是中期票据。","[('中期票据',)]"
943,上海真兰仪表科技股份有限公司2020年增资的价格是多少？,N_A,N_A
944,招商基金管理有限公司管理的股票型产品的数量有多少?,招商基金管理有限公司管理的股票型产品的数量是25只。,"[(25,)]"
945,查询下基金代码009106的基金，它的托管费率是？,基金代码为009106的基金的托管费率为0.15%。,"[('0.15%',)]"
946,2015年至2017年，汉嘉设计集团股份有限公司来自浙江省内的业务收入占公司当期主营业务收入的比例分别是多少？,N_A,N_A
947,报告期内云南沃森生物技术股份有限公司销售的自产疫苗产品有哪些？,N_A,N_A
948,湖南长远锂科股份有限公司的主要产品有哪些？,N_A,N_A
949,在2019年1月27日，使用中信行业分类标准，股票代码002051是属于哪个一级行业的?,在2019年1月27日，使用中信行业分类标准，股票代码002051属于建筑一级行业。,"[('建筑',)]"
950,查询下基金代码009104的基金，它的管理费率是？,基金代码为009104的基金的管理费率为0.6%。,"[('0.6%',)]"
951,请查询：在20200629，属于申万二级金属非金属新材料行业的A股股票，它们的平均成交金额是多少？小数点后保留不超过5位。,在20200629，属于申万二级金属非金属新材料行业的A股股票，它们的平均成交金额是136224024.912元。,"[(136224024.91176,)]"
952,我想知道华夏创业板动量成长ETF基金，在2021年年度报告中，前10大重仓股中，有多少只股票在报告期内取得正收益。,我想知道华夏创业板动量成长ETF基金，在2021年年度报告中，前10大重仓股中，有多少只股票在报告期内取得正收益。,SQL未能成功执行！
953,我想知道淳厚基金管理有限公司在2019年成立了多少只管理费率小于0.8%的基金？,淳厚基金管理有限公司在2019年成立了2只管理费率小于0.8%的基金。,"[(2,)]"
954,在20191007，按照申万行业分类的行业划分标准，哪个一级行业的A股公司数量最多？,在20191007，按照申万行业分类的行业划分标准，机械设备的一级行业的A股公司数量最多，为530家。,"[('机械设备', 530)]"
955,"请帮我查询在2019年,宏利基金管理有限公司成立哪种类型的基金个数最多?","在2019年,宏利基金管理有限公司成立债券型的基金个数最多。","[('债券型',)]"
956,为了防范意外事故造成的损失，新疆浩源天然气股份有限公司何时购买了什么保险？,N_A,N_A
957,武汉兴图新科电子股份有限公司在哪个领域已经成为重要供应商？,N_A,N_A
958,2007年度和2008年度杭州中恒电气股份有限公司经销的室内通信电源系统（集采产品）的价格是多少？,N_A,N_A
959,博时双季享六个月持有期债券C基金在20210630的季报里，前三大持仓占比的债券名称是什么?,博时双季享六个月持有期债券C基金在20210630的季报里，前三大持仓占比的债券名称是H20世茂6，21农发01和21国开06。,"[('H20世茂6',), ('21农发01',), ('21国开06',)]"
960,根据招股意向书，昇兴集团股份有限公司与下游食品饮料行业中的哪些知名企业结成了良好的合作关系？,N_A,N_A
961,国泰宏益一年持有期混合A基金在20210630且报告类型是年报(含半年报)的持债市值中，哪类债券市值最高？,国泰宏益一年持有期混合A基金在20210630且报告类型是年报(含半年报)的持债市值中，中期票据债券市值最高。,"[('中期票据',)]"
962,请查询：在2021的年度报告中，个人投资者持有基金份额大于机构投资者持有基金份额的基金属于股票型类型的有几个。,在2021的年度报告中，个人投资者持有基金份额大于机构投资者持有基金份额的基金属于股票型类型的有576个。,"[(576,)]"
963,20191030日，成交金额最大的前三家上市公司的股票代码是什么？按成交金额从大到小给出,20191030日，成交金额最大的前三家上市公司的股票代码从大到小分别是601318，600570和000066。,"[('601318',), ('600570',), ('000066',)]"
964,项目建成达产后，杭州中恒电气股份有限公司将新增多少套通信电源系统和电力操作电源系统？,N_A,N_A
965,华达汽车科技股份有限公司的主要原材料是什么？报告期间，主要原材料占公司主营业务成本比例约为多少？,N_A,N_A
966,根据江苏爱康太阳能科技股份有限公司招股意向书，2009年我国太阳能电池产量为多少？,N_A,N_A
967,与江苏旷达汽车织物集团股份有限公司在行业内形成竞争的汽车内饰面料生产企业的合资企业和内资企业有哪些？,N_A,N_A
968,20191231日，创世纪在多少只基金的前十大重仓股中？,20191231日，创世纪在1只基金的前十大重仓股中。,"[(1,)]"
969,2017年，汉嘉设计集团股份有限公司因计提应收账款坏账准备产生的资产减值损失是多少？,N_A,N_A
970,请问2019年一季度有多少家基金是净申购?它们的净申购份额加起来是多少?请四舍五入保留小数点两位。,2019年一季度有145家基金是净申购，它们的净申购份额加起来是33285436103.32份。,"[(145, 33285436103.32)]"
971,2008年度、2009年度深圳市铁汉生态环境股份有限公司生态修复工程收入的增长率分别为多少？,N_A,N_A
972,在本招股意向书的报告期内，常熟风范电力设备股份有限公司的综合毛利率分别为多少？呈现怎样的趋势？,N_A,N_A
973,请问2019年四季度有多少家基金是净申购?它们的净申购份额加起来是多少?请四舍五入保留小数点两位。,2019年四季度有543家基金是净申购，它们的净申购份额加起来是210782379651.24份。,"[(543, 210782379651.24)]"
974,东莞勤上光电股份有限公司应收账款净额在2008年末、2009年末、2010年末和2011年6月30日分别为多少？占资产总额的比重分别为多少？,N_A,N_A
975,请查询：在20190304，属于申万二级电气自动化设备行业的A股股票，它们的平均成交金额是多少？小数点后保留不超过5位。,在20190304，属于申万二级电气自动化设备行业的A股股票，它们的平均成交金额是177206307.31111元。,"[(177206307.31111,)]"
976,"请查询：2019年12月年报(含半年报),持有15象屿MTN002且是前10大重仓股的基金有几个？","2019年12月年报(含半年报),持有15象屿MTN002且是前10大重仓股的基金有2个。","[(2,)]"
977,帮我查一下易方达科融混合基金在20190426的资产净值和单位净值是多少?,易方达科融混合基金在20190426的资产净值是1752890148.18元，单位净值是1.0013元。,"[(1752890148.18, 1.0013, '易方达科融混合')]"
978,2019年年度报告里，格林基金管理有限公司管理的基金中，机构投资者持有份额比个人投资者多的基金有多少只?,N_A,N_A
979,在2019年12月季报中，持有山东黄金这一股票且市值占基金资产净值比不小于5%的有几只基金？,在2019年12月季报中，持有山东黄金这一股票且市值占基金资产净值比不小于5%的有4只基金。,"[(4,)]"
980,杭州中恒电气股份有限公司面临哪些人力资源方面的风险？,N_A,N_A
981,根据联化科技股份有限公司招股意见书，精细化工产品与基础化工产品相比有哪些特性？,N_A,N_A
982,我想知道诺安鼎利混合A基金在20210930的季报中，其可转债持仓占比最大的是哪个行业？用申万一级行业来统计。,用申万一级行业统计，诺安鼎利混合A基金在20210930的季报中，其可转债持仓占比最大的是非银金融行业。,"[('非银金融',)]"
983,中加优选中高等级债券C基金在20200331的季报里，前三大持仓占比的债券名称是什么?,中加优选中高等级债券C基金在20200331的季报里，前三大持仓占比的债券名称是18国开10，18闽漳龙MTN001和18吉高02。,"[('18国开10',), ('18闽漳龙MTN001',), ('18吉高02',)]"
984,请列出国泰基金管理有限公司在2019年成立并且托管人为中国工商银行股份有限公司的所有基金的基金托管费率的平均数。,国泰基金管理有限公司在2019年成立并且托管人为中国工商银行股份有限公司的所有基金的基金托管费率的平均数是0.125%。,"[(0.125,)]"
985,20200908日，成交金额最大的前三家上市公司的股票代码是什么？按成交金额从大到小给出,20200908日，成交金额最大的前三家上市公司的股票代码从大到小分别是000858，300059和601318。,"[('000858',), ('300059',), ('601318',)]"
986,浙江开尔新材料股份有限公司的主要原材料有哪些？,N_A,N_A
987,广州中海达卫星导航技术股份有限公司对海外代理商的选择标准是怎样的？,N_A,N_A
988,深圳市超频三科技股份有限公司目前主要产品是什么？什么是公司未来业务增长的重点产品？,N_A,N_A
989,我想知道广发睿享稳健增利混合A基金，在2019年年度报告中，前10大重仓股中，有多少只股票在报告期内取得正收益。,在2019年年度报告中，广发睿享稳健增利混合A基金的前10大重仓股中有4只股票在报告期内取得正收益。,"[(4,)]"
990,我想知道2019年的中期报告中，机构投资者持有的份额占比超过50%的基金有多少，并且他们总共持有了多少?记得帮我保留两位小数。,2019年的中期报告中，机构投资者持有的份额占比超过50%的基金有250只，他们总共持有了412937208596.19份。,"[(250, 412937208596.19)]"
991,"我想了解一下格林基金管理有限公司2020年成立的债券型基金,其管理费率的平均值是多少?请四舍五入保留小数点两位。",格林基金管理有限公司2020年成立的债券型基金，其管理费率的平均值是0.28%。,"[(0.28,)]"
992,报告期内，上海真兰仪表科技股份有限公司实际持有的哪些公司由自然人代为持股？何时该部分股份代持予以解除？,N_A,N_A
993,嘉合磐泰短债债券C基金在20200630的季报里，前三大持仓占比的债券名称是什么?,嘉合磐泰短债债券C基金在20200630的季报里，前三大持仓占比的债券名称是20中证G7，20进出668和18农发02。,"[('20中证G7',), ('20进出668',), ('18农发02',)]"
994,请帮我查询在截止2021-12-31的报告期间，基金总份额降低的基金数量是多少？,在截止2021-12-31的报告期间，基金总份额降低的基金数量是2143只。,"[(2143,)]"
995,股票000833在20190102日期中的收盘价是多少?（小数点保留3位）,股票000833在20190102日期中的收盘价是4.620元。,"[(4.62,)]"
996,2007年度，工业业务和贸易业务分别占联化科技股份有限公司毛利比重为多少？,N_A,N_A
997,东莞勤上光电股份有限公司实际控制人是谁？持有多少股份？,N_A,N_A
998,在2020年报中，交银施罗德可转债债券A基金第七大重仓股的代码和股票名称是什么？,在2020年报中，交银施罗德可转债债券A基金第七大重仓股的代码是002555，股票名称是三七互娱。,"[('002555', '三七互娱')]"
999,截至2009年12月31日，兰州海默科技股份有限公司的正式在册员工人数是多少？,N_A,N_A
