问题id,问题,问题聚类
0,请帮我计算，在20210105，中信行业分类划分的一级行业为综合金融行业中，涨跌幅最大股票的股票代码是？涨跌幅是多少？百分数保留两位小数。股票涨跌幅定义为：（收盘价 - 前一日收盘价 / 前一日收盘价）* 100%。,8
2,请帮我查询出20210415日，建筑材料一级行业涨幅超过5%（不包含）的股票数量。,31
3,请查询在2021年度，688338股票涨停天数？   解释：（收盘价/昨日收盘价-1）》=9.8% 视作涨停,26
4,20210304日，一级行业为非银金融的股票的成交量合计是多少？取整。,7
5,嘉实基金管理有限公司2019年成立了多少基金?,19
7,2021年三季度，有多少家基金发生了净赎回?总共赎回了多少份额?记得给我四舍五入到小数点后两位哦。,33
8,"请帮我查询下，在20190605，中信行业分类里一级行业为石油石化行业的所有股票里, 成交金额(元)最多的股票的代码是什么？成交金额是多少？",37
9,股票002244在20191220日期中的收盘价是多少?（小数点保留3位）,47
11,请问2019年三季度有多少家基金是净申购?它们的净申购份额加起来是多少?请四舍五入保留小数点两位。,34
12,帮我查一下湘财长弘灵活配置混合A基金在20210419的资产净值和单位净值是多少?,38
14,我想知道安信稳健回报6个月持有期混合A基金在20211231的年报(含半年报)中，其可转债持仓占比最大的是哪个行业？用中信一级行业来统计。,4
18,2019年中期报告里，华夏基金管理有限公司管理的基金中，机构投资者持有份额比个人投资者多的基金有多少只?,30
19,"假设股票日收益率计算公式为：日收益率 = （当日收盘价-昨收盘价）/昨收盘价。请帮我找到在2021年，申万行业分类行业划分标准,银行一级行业中, 代码为多少的股票的日均收益率最高？",28
20,在20201022，按照中信行业分类的行业划分标准，哪个一级行业的A股公司数量最多？,44
22,我想知道招商安润灵活配置混合A基金，在2021年半年度报告中，前10大重仓股中，有多少只股票在报告期内取得正收益。,12
23,帮我查询在2020年12月31日，代码为007678的基金前20大重仓股票中属于中信二级照明电工及其他行业的平均市值是多少？小数点后保留不超过3位。,29
25,请帮我查询出20190121日，非银行金融一级行业涨幅超过5%（不包含）的股票数量。,31
26,请查询：在20190118，属于申万二级银行行业的A股股票，它们的平均成交金额是多少？小数点后保留不超过5位。,48
28,请查询：在2021的年度报告中，个人投资者持有基金份额大于机构投资者持有基金份额的基金属于货币型类型的有几个。,16
29,我想知道圆信永丰高端制造混合基金，在2020年半年度报告中，前10大重仓股中，有多少只股票在报告期内取得正收益。,12
30,在2019年的中期报告里，金鹰基金管理有限公司管理的基金中，有多少比例的基金是个人投资者持有的份额超过机构投资者？希望得到一个精确到两位小数的百分比。,21
31,在2019年12月季报中，持有大亚圣象这一股票且市值占基金资产净值比不小于5%的有几只基金？,39
32,我想知道在2019年，金信基金管理有限公司已发行的基金中，有多少只基金报告期期初基金总份额小于报告期期末基金总份额(使用每只基金当年最晚的定期报告数据计算)？,20
35,请查询在2019年度，603789股票涨停天数？   解释：（收盘价/昨日收盘价-1）》=9.8% 视作涨停,26
36,请查询在2020年度，600076股票涨停天数？   解释：（收盘价/昨日收盘价-1）》=9.8% 视作涨停,26
38,"我想了解一下红土创新基金管理有限公司2020年成立的混合型基金,其管理费率的平均值是多少?请四舍五入保留小数点两位。",23
42,"我想了解博时研究优选灵活配置混合(LOF)A基金,在2021年四季度的季报第3大重股。该持仓股票当个季度的涨跌幅?请四舍五入保留百分比到小数点两位。",11
43,我想知道富兰克林国海大中华精选混合(QDII)(美元现汇)在2021年Q2的季报中，该基金的第1大重仓股的代码是什么?,49
48,20191231日，宋城演艺在多少只基金的前七大重仓股中？,41
52,在20190211，按照中信行业分类的行业划分标准，哪个一级行业的A股公司数量最多？,44
53,帮我查一下在2019年，代码为603199的A股股票今开盘高于昨收盘的天数？,2
54,帮我查一下鹏扬景科混合A基金在20201126的资产净值和单位净值是多少?,38
55,请问股票代码为301005的股票在2021年内日成交量低于该股票当年平均日成交量的有多少个交易日？,42
56,我想知道股票000637在申万行业分类下的二级行业是什么？用最新的数据。,17
57,请查询：在2020的年度报告中，个人投资者持有基金份额大于机构投资者持有基金份额的基金属于混合型类型的有几个。,16
58,帮我查一下在2020年，代码为002868的A股股票今开盘高于昨收盘的天数？,2
61,请查询：在20191129，属于申万二级仪器仪表行业的A股股票，它们的平均成交金额是多少？小数点后保留不超过5位。,48
62,易方达基金管理有限公司2019年成立了多少基金?,19
63,嘉实基金管理有限公司管理的债券型产品的数量有多少?,54
64,我想知道股票002720在申万行业分类下的二级行业是什么？用最新的数据。,17
65,请帮我查询在截止2021-03-31的基金定期报告中，基金总赎回份额为零的基金有几个？,1
66,我想知道股票600508在申万行业分类下的二级行业是什么？用最新的数据。,17
68,我想知道2020年的年度报告中，机构投资者持有的份额占比超过30%的基金有多少，并且他们总共持有了多少?记得帮我保留两位小数。,24
70,博时基金管理有限公司管理的股票型产品的数量有多少?,6
71,20211207日，成交金额最大的前三家上市公司的股票代码是什么？按成交金额从大到小给出,13
74,请帮我查询下股票代码为300873的股票在2021年内最高日收盘价是多少？,51
75,请帮我计算，代码为000798的股票，2020年一年持有的年化收益率有多少？百分数请保留两位小数。年化收益率定义为：（（有记录的一年的最终收盘价-有记录的一年的年初当天开盘价）/有记录的一年的当天开盘价）* 100%。,36
76,"在20210630的年报(含半年报)中，华夏中债1-3年政策性金融债指数C基金的债券持仓,其持有最大仓位的债券类型是什么?",5
77,请查询：在20190510，属于申万二级餐饮行业的A股股票，它们的平均成交金额是多少？小数点后保留不超过5位。,48
79,"请帮我查询下在2020年, 农银汇理基金管理有限公司管理的债券型基金中，持有过同业存单的基金有多少只？",35
80,在2021年12月年报(含半年报)中，惠升惠民混合A基金持有市值最多的前10只股票中，所在证券市场是中国香港证券交易所的有几个？,46
82,2021年年度报告里，凯石基金管理有限公司管理的基金中，机构投资者持有份额比个人投资者多的基金有多少只?,30
83,20200923日，一级行业为建筑的股票的成交量合计是多少？取整。,7
86,请查询在20190115日期，中信行业分类下轻工制造一级行业中，当日收盘价波动最大（即最高价与最低价之差最大）的股票代码是什么？,27
87,查询下基金代码008295的基金，它的管理费率是？,50
89,我想知道博远增强回报债券A基金在20200930的季报中，其可转债持仓占比最大的是哪个行业？用申万一级行业来统计。,4
90,我想知道在2020年，华润元大基金管理有限公司已发行的基金中，有多少只基金报告期期初基金总份额小于报告期期末基金总份额(使用每只基金当年最晚的定期报告数据计算)？,20
92,"我想了解广发中证央企创新驱动ETF基金,在2020年一季度的季报第6大重股。该持仓股票当个季度的涨跌幅?请四舍五入保留百分比到小数点两位。",11
98,在2021年12月季报中，持有完美世界这一股票且市值占基金资产净值比不小于5%的有几只基金？,39
99,2020年年度报告里，兴业基金管理有限公司管理的基金中，机构投资者持有份额比个人投资者多的基金有多少只?,30
100,20200102日，一级行业为建筑的股票的成交金额合计是多少？取整。,7
101,请查询：在2020的年度报告中，个人投资者持有基金份额大于机构投资者持有基金份额的基金属于其他型类型的有几个。,16
102,我想知道浙商汇金中高等级三个月定期开放债券C基金在20200630的年报(含半年报)中，其可转债持仓占比最大的是哪个行业？用中信一级行业来统计。,4
103,我想知道在2021年，光大保德信基金管理有限公司已发行的基金中，有多少只基金报告期期初基金总份额小于报告期期末基金总份额(使用每只基金当年最晚的定期报告数据计算)？,20
104,我想知道易方达证券保险ETF联接C在2020年Q2的季报中，该基金的第1大重仓股的代码是什么?,49
107,请查询：在2019的年度报告中，个人投资者持有基金份额大于机构投资者持有基金份额的基金属于债券型类型的有几个。,16
108,针对2021年的年度报告，有多少家基金的个人投资者持有份额占比不足13%?,3
109,"在20210630的年报(含半年报)中，永赢泽利一年定期开放债券基金的债券持仓,其持有最大仓位的债券类型是什么?",5
110,查询下基金代码009350的基金，它的管理费率是？,50
111,平安金管家货币C基金在20210630的季报里，前三大持仓占比的债券名称是什么?,18
114,广发景兴中短债债券A基金在20200930且报告类型是季报的持债市值中，哪类债券市值最高？,52
115,我想知道股票600322在申万行业分类下的二级行业是什么？用最新的数据。,17
116,"假设股票日收益率计算公式为：日收益率 = （当日收盘价-昨收盘价）/昨收盘价。请帮我找到在2019年，申万行业分类行业划分标准,休闲服务一级行业中, 代码为多少的股票的日均收益率最高？",28
117,"请帮我查询在2020年,泓德基金管理有限公司成立哪种类型的基金个数最多?",32
118,请查询在20211125日期，中信行业分类下机械一级行业中，当日收盘价波动最大（即最高价与最低价之差最大）的股票代码是什么？,27
119,20190419日，请给出浦银安盛盛勤3个月定期开放债券C基金的管理人和累计单位净值。,14
120,帮我查一下在2021年，代码为600571的A股股票今开盘高于昨收盘的天数？,2
122,在2019年12月年报(含半年报)中，诺安精选价值混合基金持有市值最多的前10只股票中，所在证券市场是中国香港证券交易所的有几个？,46
123,在20200424，按照申万行业分类的行业划分标准，哪个一级行业的A股公司数量最多？,44
124,"请查询：2021年12月年报(含半年报),持有20铜陵有色MTN001且是前10大重仓股的基金有几个？",25
127,请帮我计算，在20190128，申万行业分类划分的一级行业为食品饮料行业中，涨跌幅最大股票的股票代码是？涨跌幅是多少？百分数保留两位小数。股票涨跌幅定义为：（收盘价 - 前一日收盘价 / 前一日收盘价）* 100%。,8
128,请帮我计算，在20200521，申万行业分类划分的一级行业为采掘行业中，涨跌幅最大股票的股票代码是？涨跌幅是多少？百分数保留两位小数。股票涨跌幅定义为：（收盘价 - 前一日收盘价 / 前一日收盘价）* 100%。,8
130,广发稳健增长C基金在20200930的季报里，前三大持仓占比的债券名称是什么?,18
137,20201014港股下跌的股票家数有多少家?,10
138,在20211030，按照申万行业分类的行业划分标准，哪个一级行业的A股公司数量最多？,44
139,在2021年的年度报告里，博道基金管理有限公司管理的基金中，有多少比例的基金是个人投资者持有的份额超过机构投资者？希望得到一个精确到两位小数的百分比。,21
141,"请帮我查询下，在20210907，申万行业分类里一级行业为钢铁行业的所有股票里, 成交金额(元)最多的股票的代码是什么？成交金额是多少？",37
142,"我想了解一下富国基金管理有限公司2020年成立的混合型基金,其管理费率的平均值是多少?请四舍五入保留小数点两位。",23
143,"在20211231的年报(含半年报)中，国寿安保中债-3-5年政策性金融债指数C基金的债券持仓,其持有最大仓位的债券类型是什么?",5
145,请查询在2019年度，603078股票涨停天数？   解释：（收盘价/昨日收盘价-1）》=9.8% 视作涨停,26
147,请帮我查询下在2020年浙商基金管理有限公司成立的基金中，有多少只基金持仓过可转债债券？,35
150,"请帮我查询在2020年,中航基金管理有限公司成立哪种类型的基金个数最多?",32
151,请查询在20190724日期，中信行业分类下房地产一级行业中，当日收盘价波动最大（即最高价与最低价之差最大）的股票代码是什么？,27
152,帮我查询在2020年12月31日，代码为009704的基金前20大重仓股票中属于中信二级酒类行业的平均市值是多少？小数点后保留不超过3位。,29
153,招商基金管理有限公司2020年成立了多少基金?,19
154,帮我查一下蜂巢添益纯债债券A基金在20210817的资产净值和单位净值是多少?,38
156,"请帮我查询在2019年,海富通基金管理有限公司成立哪种类型的基金个数最多?",32
158,请查询在20210519日期，中信行业分类下电力设备及新能源一级行业中，当日收盘价波动最大（即最高价与最低价之差最大）的股票代码是什么？,27
159,请帮我查询在截止2019-12-31的报告期间，基金总份额降低的基金数量是多少？,45
161,请列出国泰基金管理有限公司在2020年成立并且托管人为中国邮政储蓄银行股份有限公司的所有基金的基金托管费率的平均数。,15
162,请帮我查询出20201020日，电力及公用事业一级行业涨幅超过5%（不包含）的股票数量。,31
166,请查询在2019年度，002093股票涨停天数？   解释：（收盘价/昨日收盘价-1）》=9.8% 视作涨停,26
167,在2021年的中期报告里，中信证券股份有限公司管理的基金中，有多少比例的基金是个人投资者持有的份额超过机构投资者？希望得到一个精确到两位小数的百分比。,21
168,我想知道鹏扬添利增强债券A基金在20200630的年报(含半年报)中，其可转债持仓占比最大的是哪个行业？用中信一级行业来统计。,4
170,请列出平安基金管理有限公司在2019年成立并且托管人为兴业银行股份有限公司的所有基金的基金托管费率的平均数。,15
173,"请帮我查询在2020年,信达澳亚基金管理有限公司成立哪种类型的基金个数最多?",32
176,浙商智多宝稳健一年持有期混合A基金在20211231且报告类型是季报的持债市值中，哪类债券市值最高？,52
177,股票000554在20210723日期中的收盘价是多少?（小数点保留3位）,47
178,20190726日，一级行业为电力设备的股票的成交量合计是多少？取整。,7
180,20201231日，中国化学在多少只基金的前五大重仓股中？,41
181,在2020年7月10日，使用中信行业分类标准，股票代码603801是属于哪个一级行业的?,40
183,我想知道兴全磐稳增利债券C基金在20200930的季报中，其可转债持仓占比最大的是哪个行业？用申万一级行业来统计。,4
187,我想知道浦银安盛双债增强债券C基金在20200331的季报中，其可转债持仓占比最大的是哪个行业？用申万一级行业来统计。,4
188,在2020年12月季报中，持有东方雨虹这一股票且市值占基金资产净值比不小于5%的有几只基金？,39
190,我想知道博时价值臻选两年持有期灵活配置混合C基金，在2021年年度报告中，前10大重仓股中，有多少只股票在报告期内取得正收益。,12
191,20200923港股下跌的股票家数有多少家?,10
192,我想知道凯石沣混合C基金在20201231的季报中，其可转债持仓占比最大的是哪个行业？用申万一级行业来统计。,4
193,"我想了解南方益和灵活配置混合基金,在2019年一季度的季报第6大重股。该持仓股票当个季度的涨跌幅?请四舍五入保留百分比到小数点两位。",11
195,国寿安保泰弘纯债债券基金在20210930的季报里，前三大持仓占比的债券名称是什么?,18
196,"请查询：2020年12月年报(含半年报),持有20平安银行CD073且是前10大重仓股的基金有几个？",25
198,"我想了解一下东方阿尔法基金管理有限公司2020年成立的混合型基金,其管理费率的平均值是多少?请四舍五入保留小数点两位。",23
201,查询下基金代码005137的基金，它的托管人是？,50
203,20210106日，请给出汇安宜创量化精选混合C基金的管理人和累计单位净值。,14
204,请帮我计算，在20210715，中信行业分类划分的一级行业为消费者服务行业中，涨跌幅最大股票的股票代码是？涨跌幅是多少？百分数保留两位小数。股票涨跌幅定义为：（收盘价 - 前一日收盘价 / 前一日收盘价）* 100%。,8
205,"在20201231的年报(含半年报)中，泰康长江经济带债券C基金的债券持仓,其持有最大仓位的债券类型是什么?",5
210,我想知道股票300819在申万行业分类下的二级行业是什么？用最新的数据。,17
211,股票002215在20190228日期中的收盘价是多少?（小数点保留3位）,47
212,请问股票代码为002164的股票在2019年内日成交量低于该股票当年平均日成交量的有多少个交易日？,42
213,平安惠添纯债债券基金在20190930的季报里，前三大持仓占比的债券名称是什么?,18
214,帮我查询在2020年12月31日，代码为011131的基金前20大重仓股票中属于中信二级生物医药Ⅱ行业的平均市值是多少？小数点后保留不超过3位。,29
216,在2019年11月16日，使用中信行业分类标准，股票代码003004是属于哪个一级行业的?,40
218,"我想了解一下红塔红土基金管理有限公司2019年成立的债券型基金,其管理费率的平均值是多少?请四舍五入保留小数点两位。",23
219,我想知道股票000809在申万行业分类下的二级行业是什么？用最新的数据。,17
221,请帮我计算，代码为603108的股票，2020年一年持有的年化收益率有多少？百分数请保留两位小数。年化收益率定义为：（（有记录的一年的最终收盘价-有记录的一年的年初当天开盘价）/有记录的一年的当天开盘价）* 100%。,36
223,"我想了解一下西部利得基金管理有限公司2020年成立的债券型基金,其管理费率的平均值是多少?请四舍五入保留小数点两位。",23
224,在2020年5月2日，使用中信行业分类标准，股票代码600483是属于哪个一级行业的?,40
225,请帮我查询出20200713日，公用事业一级行业涨幅超过5%（不包含）的股票数量。,31
227,20201231日，轻工制造一级行业有多少只A股股票？,41
228,20200204日，开盘价较上一交易日最高价高的股票有多少只？（如上一交易日没有某只股票，则不统计在内）,22
229,请帮我查询下，在2019年Q4季报报告中，007837基金的第一大重仓可转债同期还有多少只基金也进行了持仓？,3
232,20200706日，一级行业为机械的股票的成交金额合计是多少？取整。,7
233,我想知道2020年的年度报告中，机构投资者持有的份额占比超过75%的基金有多少，并且他们总共持有了多少?记得帮我保留两位小数。,24
234,嘉实基金管理有限公司管理的其他型产品的数量有多少?,6
235,在2020年12月年报(含半年报)中，富安达科技领航混合A基金持有市值最多的前10只股票中，所在证券市场是深圳证券交易所的有几个？,46
236,"我想了解九泰聚鑫混合C基金,在2020年四季度的季报第1大重股。该持仓股票当个季度的涨跌幅?请四舍五入保留百分比到小数点两位。",11
237,我想知道股票300897在申万行业分类下的二级行业是什么？用最新的数据。,17
238,请帮我查询下股票代码为600977的股票在2019年内最高日收盘价是多少？,51
241,我想知道东方阿尔法优势产业混合C基金，在2021年年度报告中，前10大重仓股中，有多少只股票在报告期内取得正收益。,12
242,易方达基金管理有限公司2020年成立了多少基金?,19
245,20190723港股下跌的股票家数有多少家?,10
247,20210930日，一级行业为机械的股票的成交金额合计是多少？取整。,7
248,20210607日，一级行业为公用事业的股票的成交量合计是多少？取整。,7
250,我想知道鹏扬景科混合A基金，在2020年半年度报告中，前10大重仓股中，有多少只股票在报告期内取得正收益。,12
251,针对2020年的年度报告，有多少家基金的个人投资者持有份额占比不足80%?,3
252,我想知道大成高新技术产业股票C基金，在2021年年度报告中，前10大重仓股中，有多少只股票在报告期内取得正收益。,12
253,帮我查一下在2021年，代码为300238的A股股票今开盘高于昨收盘的天数？,2
254,20210121日，开盘价较上一交易日最高价高的股票有多少只？（如上一交易日没有某只股票，则不统计在内）,22
255,我想知道国寿安保国证创业板中盘精选88ETF基金，在2021年半年度报告中，前10大重仓股中，有多少只股票在报告期内取得正收益。,12
256,请帮我查询下股票代码为688010的股票在2019年内最高日收盘价是多少？,51
257,我想知道2021年的中期报告中，机构投资者持有的份额占比超过66%的基金有多少，并且他们总共持有了多少?记得帮我保留两位小数。,24
263,"请帮我查询下，在20200826，申万行业分类里一级行业为综合行业的所有股票里, 成交金额(元)最多的股票的代码是什么？成交金额是多少？",37
264,广发招财短债债券A基金在20190930且报告类型是季报的持债市值中，哪类债券市值最高？,52
266,我想知道浙江浙商证券资产管理有限公司在2019年成立了多少只管理费率小于0.8%的基金？,9
268,我想知道2021年的中期报告中，机构投资者持有的份额占比超过15%的基金有多少，并且他们总共持有了多少?记得帮我保留两位小数。,24
269,创金合信鑫收益灵活配置混合E基金在20190930的季报里，前三大持仓占比的债券名称是什么?,18
270,南方基金管理股份有限公司2019年成立了多少基金?,19
271,请问股票代码为002641的股票在2021年内日成交量低于该股票当年平均日成交量的有多少个交易日？,42
273,请问股票代码为603679的股票在2021年内日成交量低于该股票当年平均日成交量的有多少个交易日？,42
274,帮我查询在2020年12月31日，代码为008376的基金前20大重仓股票中属于中信二级畜牧业行业的平均市值是多少？小数点后保留不超过3位。,29
275,"请帮我查询下在2020年, 睿远基金管理有限公司管理的债券型基金中，持有过可转换债券的基金有多少只？",35
278,我想知道在20200331的季报里，中银证券价值精选灵活配置混合投资的股票分别是哪些申万一级行业？,53
281,请查询：在20201216，属于申万二级房屋建设行业的A股股票，它们的平均成交金额是多少？小数点后保留不超过5位。,48
282,"请查询：2021年12月年报(含半年报),持有17扬城建MTN001且是前10大重仓股的基金有几个？",25
283,查询下基金代码009407的基金，它的托管人是？,50
284,易方达恒盛3个月定期开放混合基金在20200331的季报里，前三大持仓占比的债券名称是什么?,18
289,请帮我计算，在20210719，中信行业分类划分的一级行业为消费者服务行业中，涨跌幅最大股票的股票代码是？涨跌幅是多少？百分数保留两位小数。股票涨跌幅定义为：（收盘价 - 前一日收盘价 / 前一日收盘价）* 100%。,8
291,"帮我算一下在20190408,代码为00326的港股日价格振幅是多少，小数点后保留不超过3位。",55
295,20201211港股下跌的股票家数有多少家?,10
296,帮我查一下诺德短债债券C基金在20200331的资产净值和单位净值是多少?,38
297,广发聚荣一年持有期混合C基金在20211231的季报里，前三大持仓占比的债券名称是什么?,18
298,请问2019年二季度有多少家基金是净申购?它们的净申购份额加起来是多少?请四舍五入保留小数点两位。,34
299,"我想了解平安估值精选混合C基金,在2020年三季度的季报第5大重股。该持仓股票当个季度的涨跌幅?请四舍五入保留百分比到小数点两位。",11
300,我想知道在20211231的季报里，中信保诚红利精选混合C投资的股票分别是哪些申万一级行业？,53
301,2021年二季度，有多少家基金发生了净赎回?总共赎回了多少份额?记得给我四舍五入到小数点后两位哦。,33
307,在2021年12月年报(含半年报)中，宝盈龙头优选股票A基金持有市值最多的前10只股票中，所在证券市场是上海证券交易所的有几个？,46
308,请查询在20200623日期，中信行业分类下汽车一级行业中，当日收盘价波动最大（即最高价与最低价之差最大）的股票代码是什么？,27
309,我想知道海富通基金管理有限公司在2020年成立了多少只管理费率小于0.8%的基金？,9
310,在2020年12月30日，使用中信行业分类标准，股票代码002319是属于哪个一级行业的?,40
311,请问在休闲服务行业，20190119行业的A股公司有多少?,43
313,股票688200在20200227日期中的收盘价是多少?（小数点保留3位）,47
315,2020年三季度，有多少家基金发生了净赎回?总共赎回了多少份额?记得给我四舍五入到小数点后两位哦。,33
317,在2019年12月季报中，持有中国移动这一股票且市值占基金资产净值比不小于5%的有几只基金？,39
319,帮我查一下南方景气驱动混合A基金在20211213的资产净值和单位净值是多少?,38
321,2020年中期报告里，国泰基金管理有限公司管理的基金中，机构投资者持有份额比个人投资者多的基金有多少只?,30
323,我想知道申万菱信量化对冲策略灵活配置混合基金在20211231的年报(含半年报)中，其可转债持仓占比最大的是哪个行业？用中信一级行业来统计。,4
325,"请帮我查询下在2021年, 嘉实基金管理有限公司管理的债券型基金中，持有过可交换公司债券的基金有多少只？",35
326,我想知道海富通安益对冲策略灵活配置混合C基金在20211231的年报(含半年报)中，其可转债持仓占比最大的是哪个行业？用中信一级行业来统计。,4
327,我想知道国泰民福策略价值灵活配置混合A基金在20200630的年报(含半年报)中，其可转债持仓占比最大的是哪个行业？用中信一级行业来统计。,4
329,请问在钢铁行业，20190223行业的A股公司有多少?,43
330,"请帮我查询在2019年,北信瑞丰基金管理有限公司成立哪种类型的基金个数最多?",32
331,20210407日，请给出申万菱信安泰瑞利中短债债券C基金的管理人和累计单位净值。,14
335,我想知道股票688266在申万行业分类下的二级行业是什么？用最新的数据。,17
337,我想知道银华科技创新混合基金，在2021年年度报告中，前10大重仓股中，有多少只股票在报告期内取得正收益。,12
338,"假设股票日收益率计算公式为：日收益率 = （当日收盘价-昨收盘价）/昨收盘价。请帮我找到在2019年，申万行业分类行业划分标准,房地产一级行业中, 代码为多少的股票的日均收益率最高？",28
339,"我想了解长信沪深300指数增强A基金,在2019年一季度的季报第3大重股。该持仓股票当个季度的涨跌幅?请四舍五入保留百分比到小数点两位。",11
340,我想知道股票601615在申万行业分类下的二级行业是什么？用最新的数据。,17
341,我想知道股票300066在申万行业分类下的二级行业是什么？用最新的数据。,17
344,我想知道2019年的中期报告中，机构投资者持有的份额占比超过75%的基金有多少，并且他们总共持有了多少?记得帮我保留两位小数。,24
345,在2020年12月年报(含半年报)中，宝盈祥裕增强回报混合C基金持有市值最多的前10只股票中，所在证券市场是上海证券交易所的有几个？,46
349,在2021年12月年报(含半年报)中，博时鑫荣稳健混合C基金持有市值最多的前10只股票中，所在证券市场是上海证券交易所的有几个？,46
351,2020年二季度，有多少家基金发生了净赎回?总共赎回了多少份额?记得给我四舍五入到小数点后两位哦。,33
352,请问股票代码为002158的股票在2021年内日成交量低于该股票当年平均日成交量的有多少个交易日？,42
356,查询下基金代码167507的基金，它的基金类型是？,50
359,在2019年报中，汇添富中证长三角一体化发展主题ETF联接A基金第八大重仓股的代码和股票名称是什么？,56
360,在2019年报中，东方红睿华沪港深灵活配置混合(LOF)A基金第六大重仓股的代码和股票名称是什么？,56
361,请查询：在20210611，属于申万二级一般零售行业的A股股票，它们的平均成交金额是多少？小数点后保留不超过5位。,48
362,请问股票代码为002771的股票在2021年内日成交量低于该股票当年平均日成交量的有多少个交易日？,42
363,"帮我算一下在20190114,代码为00080的港股日价格振幅是多少，小数点后保留不超过3位。",55
364,"帮我算一下在20201222,代码为02198的港股日价格振幅是多少，小数点后保留不超过3位。",55
366,在2021年报中，平安安享灵活配置混合C基金第八大重仓股的代码和股票名称是什么？,56
368,股票600757在20200915日期中的收盘价是多少?（小数点保留3位）,47
369,请帮我计算，在20190312，中信行业分类划分的一级行业为消费者服务行业中，涨跌幅最大股票的股票代码是？涨跌幅是多少？百分数保留两位小数。股票涨跌幅定义为：（收盘价 - 前一日收盘价 / 前一日收盘价）* 100%。,8
372,我想知道股票600887在申万行业分类下的二级行业是什么？用最新的数据。,17
373,招商基金管理有限公司管理的其他型产品的数量有多少?,6
374,"帮我算一下在20190502,代码为00292的港股日价格振幅是多少，小数点后保留不超过3位。",55
375,我想知道股票300555在申万行业分类下的二级行业是什么？用最新的数据。,17
377,"我想了解红土创新稳健混合C基金,在2020年二季度的季报第1大重股。该持仓股票当个季度的涨跌幅?请四舍五入保留百分比到小数点两位。",11
379,在2020年2月25日，使用中信行业分类标准，股票代码688012是属于哪个一级行业的?,40
380,我想知道2021年的年度报告中，机构投资者持有的份额占比超过30%的基金有多少，并且他们总共持有了多少?记得帮我保留两位小数。,24
381,我想知道国泰金鹿混合在2020年Q1的季报中，该基金的第2大重仓股的代码是什么?,49
383,"请帮我查询在2019年,富荣基金管理有限公司成立哪种类型的基金个数最多?",32
384,博时基金管理有限公司2019年成立了多少基金?,19
386,在2021年10月15日，使用中信行业分类标准，股票代码000828是属于哪个一级行业的?,40
387,我想知道华安汇嘉精选混合C在2020年Q4的季报中，该基金的第3大重仓股的代码是什么?,49
388,20210618日，一级行业为基础化工的股票的成交量合计是多少？取整。,7
390,请查询在2021年度，688728股票涨停天数？   解释：（收盘价/昨日收盘价-1）》=9.8% 视作涨停,26
391,请帮我查询出20210506日，建筑材料一级行业涨幅超过5%（不包含）的股票数量。,31
392,"我想了解易方达稳健收益债券C基金,在2021年二季度的季报第5大重股。该持仓股票当个季度的涨跌幅?请四舍五入保留百分比到小数点两位。",11
393,我想知道兴全安泰平衡养老目标三年持有期混合(FOF)A基金在20190331的季报中，其可转债持仓占比最大的是哪个行业？用申万一级行业来统计。,4
394,我想知道东方红品质优选两年定期开放混合基金，在2021年半年度报告中，前10大重仓股中，有多少只股票在报告期内取得正收益。,12
395,我想知道在2021年，摩根基金管理(中国)有限公司已发行的基金中，有多少只基金报告期期初基金总份额小于报告期期末基金总份额(使用每只基金当年最晚的定期报告数据计算)？,20
396,请查询在2021年度，600373股票涨停天数？   解释：（收盘价/昨日收盘价-1）》=9.8% 视作涨停,26
397,我想知道在2020年，广发基金管理有限公司已发行的基金中，有多少只基金报告期期初基金总份额小于报告期期末基金总份额(使用每只基金当年最晚的定期报告数据计算)？,20
402,我想知道股票601086在申万行业分类下的二级行业是什么？用最新的数据。,17
403,请帮我查询下，在2019年09月的报告中，报告期基金总申购份额和报告期基金总赎回份额差额最大的一只基金的简称是什么？差额有多少？保留两位小数。,0
405,请帮我计算，在20190114，中信行业分类划分的一级行业为建材行业中，涨跌幅最大股票的股票代码是？涨跌幅是多少？百分数保留两位小数。股票涨跌幅定义为：（收盘价 - 前一日收盘价 / 前一日收盘价）* 100%。,8
406,请问在机械设备行业，20190508行业的A股公司有多少?,43
407,我想知道国寿安保基金管理有限公司在2020年成立了多少只管理费率小于0.8%的基金？,9
408,20200722日，一级行业为化工的股票的成交金额合计是多少？取整。,7
409,博时基金管理有限公司管理的债券型产品的数量有多少?,54
410,请列出工银瑞信基金管理有限公司在2019年成立并且托管人为平安银行股份有限公司的所有基金的基金托管费率的平均数。,15
411,20211229日，请给出工银瑞信消费行业股票A基金的管理人和累计单位净值。,14
412,20190318日，开盘价较上一交易日最高价高的股票有多少只？（如上一交易日没有某只股票，则不统计在内）,22
413,"请查询：2021年12月年报(含半年报),持有21昆山农商二级且是前10大重仓股的基金有几个？",25
414,"请帮我查询下，在20211117，申万行业分类里一级行业为商业贸易行业的所有股票里, 成交金额(元)最多的股票的代码是什么？成交金额是多少？",37
415,嘉实基金管理有限公司管理的混合型产品的数量有多少?,54
417,招商基金管理有限公司2019年成立了多少基金?,19
419,海富通稳健养老目标一年持有期混合(FOF)A基金在20210331的季报里，前三大持仓占比的债券名称是什么?,18
420,请列出汇添富基金管理股份有限公司在2020年成立并且托管人为中国农业银行股份有限公司的所有基金的基金托管费率的平均数。,15
422,在2020年6月7日，使用中信行业分类标准，股票代码002162是属于哪个一级行业的?,40
426,"在20211231的年报(含半年报)中，泰康长江经济带债券A基金的债券持仓,其持有最大仓位的债券类型是什么?",5
427,在2020年报中，方正富邦沪深300ETF基金第一大重仓股的代码和股票名称是什么？,56
428,股票002648在20210803日期中的收盘价是多少?（小数点保留3位）,47
429,南方基金管理股份有限公司2020年成立了多少基金?,19
431,"在20211231的年报(含半年报)中，广发资管乾利一年持有期债券A基金的债券持仓,其持有最大仓位的债券类型是什么?",5
432,请列出华宝基金管理有限公司在2019年成立并且托管人为中国民生银行股份有限公司的所有基金的基金托管费率的平均数。,15
433,我想知道股票000060在申万行业分类下的二级行业是什么？用最新的数据。,17
434,请帮我查询下，在2019年03月的报告中，报告期基金总申购份额和报告期基金总赎回份额差额最大的一只基金的简称是什么？差额有多少？保留两位小数。,0
435,20201116日，一级行业为电气设备的股票的成交金额合计是多少？取整。,7
439,"我想了解一下金鹰基金管理有限公司2019年成立的债券型基金,其管理费率的平均值是多少?请四舍五入保留小数点两位。",23
440,2019年一季度，有多少家基金发生了净赎回?总共赎回了多少份额?记得给我四舍五入到小数点后两位哦。,33
441,请问在基础化工行业，20201215行业的A股公司有多少?,43
442,"假设股票日收益率计算公式为：日收益率 = （当日收盘价-昨收盘价）/昨收盘价。请帮我找到在2019年，中信行业分类行业划分标准,电力及公用事业一级行业中, 代码为多少的股票的日均收益率最高？",28
443,"在20210630的年报(含半年报)中，鹏华可转债债券C基金的债券持仓,其持有最大仓位的债券类型是什么?",5
444,"请帮我查询下，在20200617，中信行业分类里一级行业为钢铁行业的所有股票里, 成交金额(元)最多的股票的代码是什么？成交金额是多少？",37
445,嘉实基金管理有限公司2020年成立了多少基金?,19
446,20190812日，开盘价较上一交易日最高价高的股票有多少只？（如上一交易日没有某只股票，则不统计在内）,22
448,我想知道在20211231的季报里，鹏扬添利增强债券A投资的股票分别是哪些申万一级行业？,53
450,"帮我算一下在20200617,代码为00878的港股日价格振幅是多少，小数点后保留不超过3位。",55
452,大成景乐纯债债券C基金在20210331的季报里，前三大持仓占比的债券名称是什么?,18
454,请帮我查询出20210719日，农林牧渔一级行业涨幅超过5%（不包含）的股票数量。,31
455,"请帮我查询下，在20210319，申万行业分类里一级行业为公用事业行业的所有股票里, 成交金额(元)最多的股票的代码是什么？成交金额是多少？",37
456,我想知道光大阳光优选一年持有期混合B基金，在2020年年度报告中，前10大重仓股中，有多少只股票在报告期内取得正收益。,12
457,20191231日，请给出西部利得沣泰债券A基金的管理人和单位净值。单位净值保留两位小数。,14
461,我想知道融通增祥三个月定期开放债券基金在20210630的年报(含半年报)中，其可转债持仓占比最大的是哪个行业？用中信一级行业来统计。,4
462,20200910港股下跌的股票家数有多少家?,10
463,"请查询：2020年12月年报(含半年报),持有20国际港务SCP012且是前10大重仓股的基金有几个？",25
465,"我想了解一下长城基金管理有限公司2020年成立的债券型基金,其管理费率的平均值是多少?请四舍五入保留小数点两位。",23
468,"请帮我查询下，在20190617，申万行业分类里一级行业为建筑材料行业的所有股票里, 成交金额(元)最多的股票的代码是什么？成交金额是多少？",37
469,请查询：在2021的年度报告中，个人投资者持有基金份额大于机构投资者持有基金份额的基金属于其他型类型的有几个。,16
470,我想知道在20210630的季报里，嘉实中证央企创新驱动ETF联接C投资的股票分别是哪些申万一级行业？,53
471,我想知道长信双利优选混合A基金，在2021年年度报告中，前10大重仓股中，有多少只股票在报告期内取得正收益。,12
473,请查询：在20190121，属于申万二级水泥制造行业的A股股票，它们的平均成交金额是多少？小数点后保留不超过5位。,48
474,请帮我查询在截止2020-12-31的报告期间，基金总份额降低的基金数量是多少？,45
475,帮我查询在2020年12月31日，代码为010058的基金前20大重仓股票中属于中信二级饮料行业的平均市值是多少？小数点后保留不超过3位。,29
477,请查询：在2019的年度报告中，个人投资者持有基金份额大于机构投资者持有基金份额的基金属于混合型类型的有几个。,16
478,在2019年的年度报告里，中泰证券(上海)资产管理有限公司管理的基金中，有多少比例的基金是个人投资者持有的份额超过机构投资者？希望得到一个精确到两位小数的百分比。,21
479,请问在休闲服务行业，20211031行业的A股公司有多少?,43
480,请查询：在20200518，属于申万二级景点行业的A股股票，它们的平均成交金额是多少？小数点后保留不超过5位。,48
481,20191226日，请给出民生加银聚益纯债债券基金的管理人和累计单位净值。,14
483,请帮我查询在截止2021-03-31的报告期间，基金总份额降低的基金数量是多少？,45
485,请查询在20201123日期，申万行业分类下食品饮料一级行业中，当日收盘价波动最大（即最高价与最低价之差最大）的股票代码是什么？,27
487,请问在有色金属行业，20191121行业的A股公司有多少?,43
488,20200302日，开盘价较上一交易日最高价高的股票有多少只？（如上一交易日没有某只股票，则不统计在内）,22
490,20210531日，请给出易方达恒利3个月定期开放债券基金的管理人和累计单位净值。,14
492,长江安盈中短债六个月定期开放债券基金在20201231的季报里，前三大持仓占比的债券名称是什么?,18
493,请帮我查询出20210825日，有色金属一级行业涨幅超过5%（不包含）的股票数量。,31
495,请查询在20211018日期，中信行业分类下交通运输一级行业中，当日收盘价波动最大（即最高价与最低价之差最大）的股票代码是什么？,27
496,帮我查一下在2020年，代码为300476的A股股票今开盘高于昨收盘的天数？,2
497,华富恒欣纯债债券A基金在20210331的季报里，前三大持仓占比的债券名称是什么?,18
498,请查询：在2019的年度报告中，个人投资者持有基金份额大于机构投资者持有基金份额的基金属于货币型类型的有几个。,16
499,嘉实中债1-3年政策性金融债指数C基金在20211231的季报里，前三大持仓占比的债券名称是什么?,18
503,帮我查一下广发瑞安精选股票A基金在20211222的资产净值和单位净值是多少?,38
504,我想知道工银瑞信双盈债券C基金在20210930的季报中，其可转债持仓占比最大的是哪个行业？用申万一级行业来统计。,4
505,"请帮我查询下，在20190419，申万行业分类里一级行业为轻工制造行业的所有股票里, 成交金额(元)最多的股票的代码是什么？成交金额是多少？",37
506,景顺长城中短债债券C基金在20210331的季报里，前三大持仓占比的债券名称是什么?,18
507,我想知道股票600373在申万行业分类下的二级行业是什么？用最新的数据。,17
508,"请帮我查询下在2020年, 前海开源基金管理有限公司管理的债券型基金中，持有过非公开发行公司债的基金有多少只？",35
510,"请查询：2021年12月年报(含半年报),持有20汇金小微债01且是前10大重仓股的基金有几个？",25
511,2021年年度报告里，光大保德信基金管理有限公司管理的基金中，机构投资者持有份额比个人投资者多的基金有多少只?,30
512,在2021年12月年报(含半年报)中，朱雀企业优选股票A基金持有市值最多的前10只股票中，所在证券市场是深圳证券交易所的有几个？,46
514,请帮我查询出20210120日，综合一级行业涨幅超过5%（不包含）的股票数量。,31
518,在2020年1月30日，使用中信行业分类标准，股票代码600185是属于哪个一级行业的?,40
521,请查询在20200731日期，申万行业分类下家用电器一级行业中，当日收盘价波动最大（即最高价与最低价之差最大）的股票代码是什么？,27
522,在2020年的年度报告里，浙江浙商证券资产管理有限公司管理的基金中，有多少比例的基金是个人投资者持有的份额超过机构投资者？希望得到一个精确到两位小数的百分比。,21
523,20191121日，成交金额最大的前三家上市公司的股票代码是什么？按成交金额从大到小给出,13
525,"我想了解国寿安保灵活优选混合基金,在2021年一季度的季报第6大重股。该持仓股票当个季度的涨跌幅?请四舍五入保留百分比到小数点两位。",11
528,请问股票代码为300300的股票在2019年内日成交量低于该股票当年平均日成交量的有多少个交易日？,42
529,20190212日，成交金额最大的前三家上市公司的股票代码是什么？按成交金额从大到小给出,13
530,帮我查询在2020年12月31日，代码为007840的基金前20大重仓股票中属于中信二级半导体行业的平均市值是多少？小数点后保留不超过3位。,29
532,请帮我查询下股票代码为600595的股票在2019年内最高日收盘价是多少？,51
534,博时基金管理有限公司2020年成立了多少基金?,19
535,我想知道在2021年，格林基金管理有限公司已发行的基金中，有多少只基金报告期期初基金总份额小于报告期期末基金总份额(使用每只基金当年最晚的定期报告数据计算)？,20
536,我想知道兴银研究精选股票A基金，在2021年年度报告中，前10大重仓股中，有多少只股票在报告期内取得正收益。,12
537,20200326日，开盘价较上一交易日最高价高的股票有多少只？（如上一交易日没有某只股票，则不统计在内）,22
538,我想知道在20210630的季报里，招商MSCI中国A股国际通ETF联接C投资的股票分别是哪些申万一级行业？,53
539,请帮我计算，在20200617，中信行业分类划分的一级行业为商贸零售行业中，涨跌幅最大股票的股票代码是？涨跌幅是多少？百分数保留两位小数。股票涨跌幅定义为：（收盘价 - 前一日收盘价 / 前一日收盘价）* 100%。,8
540,"请帮我查询在2020年,万家基金管理有限公司成立哪种类型的基金个数最多?",32
542,我想知道股票300321在申万行业分类下的二级行业是什么？用最新的数据。,17
546,我想知道红土创新稳进混合C基金在20201231的年报(含半年报)中，其可转债持仓占比最大的是哪个行业？用中信一级行业来统计。,4
547,请查询：在2019的年度报告中，个人投资者持有基金份额大于机构投资者持有基金份额的基金属于股票型类型的有几个。,16
548,鑫元悦利定期开放债券基金在20191231的季报里，前三大持仓占比的债券名称是什么?,18
549,帮我查一下华商计算机行业量化股票A基金在20211213的资产净值和单位净值是多少?,38
551,"请帮我查询下在2019年, 国联基金管理有限公司管理的债券型基金中，持有过国债现货的基金有多少只？",35
552,帮我查一下在2020年，代码为603056的A股股票今开盘高于昨收盘的天数？,2
555,"我想了解汇安信利债券A基金,在2020年二季度的季报第3大重股。该持仓股票当个季度的涨跌幅?请四舍五入保留百分比到小数点两位。",11
557,帮我查一下兴业优势产业混合A基金在20211013的资产净值和单位净值是多少?,38
561,"假设股票日收益率计算公式为：日收益率 = （当日收盘价-昨收盘价）/昨收盘价。请帮我找到在2019年，申万行业分类行业划分标准,非银金融一级行业中, 代码为多少的股票的日均收益率最高？",28
562,在2019年12月季报中，持有坚朗五金这一股票且市值占基金资产净值比不小于5%的有几只基金？,39
563,嘉实基金管理有限公司管理的货币型产品的数量有多少?,54
564,请查询在2021年度，600423股票涨停天数？   解释：（收盘价/昨日收盘价-1）》=9.8% 视作涨停,26
568,20201231日，机械设备一级行业有多少只A股股票？,41
569,请帮我查询在截止2020-06-30的报告期间，基金总份额降低的基金数量是多少？,45
570,我想知道在20201231的季报里，长盛竞争优势股票C投资的股票分别是哪些申万一级行业？,53
572,2019年二季度，有多少家基金发生了净赎回?总共赎回了多少份额?记得给我四舍五入到小数点后两位哦。,33
573,请帮我计算，代码为300346的股票，2020年一年持有的年化收益率有多少？百分数请保留两位小数。年化收益率定义为：（（有记录的一年的最终收盘价-有记录的一年的年初当天开盘价）/有记录的一年的当天开盘价）* 100%。,36
574,我想知道中信保诚安鑫回报债券A基金在20211231的年报(含半年报)中，其可转债持仓占比最大的是哪个行业？用中信一级行业来统计。,4
575,20200225日，一级行业为房地产的股票的成交金额合计是多少？取整。,7
576,在2021年的中期报告里，方正富邦基金管理有限公司管理的基金中，有多少比例的基金是个人投资者持有的份额超过机构投资者？希望得到一个精确到两位小数的百分比。,21
578,我想知道嘉实动力先锋混合A在2021年Q3的季报中，该基金的第4大重仓股的代码是什么?,49
580,请帮我查询在截止2021-09-30的报告期间，基金总份额降低的基金数量是多少？,45
581,股票600386在20210924日期中的收盘价是多少?（小数点保留3位）,47
583,20210519日，请给出融通通慧混合A/B基金的管理人和单位净值。单位净值保留两位小数。,14
584,20200427港股下跌的股票家数有多少家?,10
585,"帮我算一下在20210715,代码为01071的港股日价格振幅是多少，小数点后保留不超过3位。",55
587,"假设股票日收益率计算公式为：日收益率 = （当日收盘价-昨收盘价）/昨收盘价。请帮我找到在2020年，申万行业分类行业划分标准,建筑材料一级行业中, 代码为多少的股票的日均收益率最高？",28
588,股票002501在20210802日期中的收盘价是多少?（小数点保留3位）,47
589,请列出华宝基金管理有限公司在2020年成立并且托管人为中国民生银行股份有限公司的所有基金的基金托管费率的平均数。,15
590,请帮我计算，代码为600552的股票，2020年一年持有的年化收益率有多少？百分数请保留两位小数。年化收益率定义为：（（有记录的一年的最终收盘价-有记录的一年的年初当天开盘价）/有记录的一年的当天开盘价）* 100%。,36
591,20200819日，开盘价较上一交易日最高价高的股票有多少只？（如上一交易日没有某只股票，则不统计在内）,22
593,"假设股票日收益率计算公式为：日收益率 = （当日收盘价-昨收盘价）/昨收盘价。请帮我找到在2020年，申万行业分类行业划分标准,房地产一级行业中, 代码为多少的股票的日均收益率最高？",28
594,请帮我计算，代码为600884的股票，2020年一年持有的年化收益率有多少？百分数请保留两位小数。年化收益率定义为：（（有记录的一年的最终收盘价-有记录的一年的年初当天开盘价）/有记录的一年的当天开盘价）* 100%。,36
597,请帮我查询在截止2020-03-31的报告期间，基金总份额降低的基金数量是多少？,45
598,我想知道长信国防军工量化灵活配置混合C在2021年Q1的季报中，该基金的第5大重仓股的代码是什么?,49
599,20211126日，一级行业为休闲服务的股票的成交金额合计是多少？取整。,7
602,帮我查一下在2020年，代码为002993的A股股票今开盘高于昨收盘的天数？,2
603,我想知道在2020年，中航基金管理有限公司已发行的基金中，有多少只基金报告期期初基金总份额小于报告期期末基金总份额(使用每只基金当年最晚的定期报告数据计算)？,20
604,我想知道华商电子行业量化股票基金，在2019年年度报告中，前10大重仓股中，有多少只股票在报告期内取得正收益。,12
605,请问股票代码为603359的股票在2020年内日成交量低于该股票当年平均日成交量的有多少个交易日？,42
606,请帮我计算，在20190213，中信行业分类划分的一级行业为有色金属行业中，涨跌幅最大股票的股票代码是？涨跌幅是多少？百分数保留两位小数。股票涨跌幅定义为：（收盘价 - 前一日收盘价 / 前一日收盘价）* 100%。,8
607,请查询：在2019的年度报告中，个人投资者持有基金份额大于机构投资者持有基金份额的基金属于其他型类型的有几个。,16
608,我想知道国泰致远优势混合基金，在2020年年度报告中，前10大重仓股中，有多少只股票在报告期内取得正收益。,12
612,"在20210630的年报(含半年报)中，金信民达纯债债券A基金的债券持仓,其持有最大仓位的债券类型是什么?",5
613,2021年年度报告里，中海基金管理有限公司管理的基金中，机构投资者持有份额比个人投资者多的基金有多少只?,30
614,"请帮我查询在2019年,睿远基金管理有限公司成立哪种类型的基金个数最多?",32
616,我想知道股票300138在申万行业分类下的二级行业是什么？用最新的数据。,17
618,"假设股票日收益率计算公式为：日收益率 = （当日收盘价-昨收盘价）/昨收盘价。请帮我找到在2019年，申万行业分类行业划分标准,通信一级行业中, 代码为多少的股票的日均收益率最高？",28
619,请帮我查询在截止2019-03-31的报告期间，基金总份额降低的基金数量是多少？,45
620,帮我查一下在2021年，代码为600546的A股股票今开盘高于昨收盘的天数？,2
621,我想知道国泰CES半导体芯片行业ETF联接A基金，在2020年半年度报告中，前10大重仓股中，有多少只股票在报告期内取得正收益。,12
622,我想知道天风(上海)证券资产管理有限公司在2020年成立了多少只管理费率小于0.8%的基金？,9
623,20200415港股下跌的股票家数有多少家?,10
625,"在20201231的年报(含半年报)中，嘉合磐泰短债债券C基金的债券持仓,其持有最大仓位的债券类型是什么?",5
626,请问在农林牧渔行业，20191104行业的A股公司有多少?,43
628,我想知道股票300584在申万行业分类下的二级行业是什么？用最新的数据。,17
631,请查询在20200923日期，中信行业分类下家电一级行业中，当日收盘价波动最大（即最高价与最低价之差最大）的股票代码是什么？,27
632,"假定股票'日波动值'计算公式为：'日波动值' = 日最高价-日最低价。请帮我查询下在2021年，中信行业分类行业划分标准,电力设备及新能源一级行业中，股票日均波动值最小的股票对应的股票代码是？",28
634,嘉实基金管理有限公司管理的股票型产品的数量有多少?,6
635,我想知道2019年的年度报告中，机构投资者持有的份额占比超过66%的基金有多少，并且他们总共持有了多少?记得帮我保留两位小数。,24
636,请问在有色金属行业，20191119行业的A股公司有多少?,43
637,请帮我查询在截止2019-09-30的基金定期报告中，基金总赎回份额为零的基金有几个？,1
638,请问2020年四季度有多少家基金是净申购?它们的净申购份额加起来是多少?请四舍五入保留小数点两位。,34
640,我想知道德邦基金管理有限公司在2019年成立了多少只管理费率小于0.8%的基金？,9
642,我想知道兴全优选进取三个月持有期混合(FOF)A基金在20210630的季报中，其可转债持仓占比最大的是哪个行业？用申万一级行业来统计。,4
644,请帮我查询在截止2021-12-31的基金定期报告中，基金总赎回份额为零的基金有几个？,1
645,20200820日，开盘价较上一交易日最高价高的股票有多少只？（如上一交易日没有某只股票，则不统计在内）,22
647,请列出博时基金管理有限公司在2019年成立并且托管人为中国工商银行股份有限公司的所有基金的基金托管费率的平均数。,15
648,请问在家用电器行业，20201007行业的A股公司有多少?,43
650,我想知道易方达全球医药行业混合(QDII)基金，在2020年年度报告中，前10大重仓股中，有多少只股票在报告期内取得正收益。,12
652,"请帮我查询下，在20190114，申万行业分类里一级行业为非银金融行业的所有股票里, 成交金额(元)最多的股票的代码是什么？成交金额是多少？",37
654,20211206日，一级行业为公用事业的股票的成交量合计是多少？取整。,7
657,在2021年12月季报中，持有健之佳这一股票且市值占基金资产净值比不小于5%的有几只基金？,39
658,请帮我查询下，在2019年12月的报告中，报告期基金总申购份额和报告期基金总赎回份额差额最大的一只基金的简称是什么？差额有多少？保留两位小数。,0
659,2019年中期报告里，国融基金管理有限公司管理的基金中，机构投资者持有份额比个人投资者多的基金有多少只?,30
661,我想知道兴银基金管理有限责任公司在2020年成立了多少只管理费率小于0.8%的基金？,9
663,请帮我计算，在20200911，中信行业分类划分的一级行业为纺织服装行业中，涨跌幅最大股票的股票代码是？涨跌幅是多少？百分数保留两位小数。股票涨跌幅定义为：（收盘价 - 前一日收盘价 / 前一日收盘价）* 100%。,8
665,请问2020年三季度有多少家基金是净申购?它们的净申购份额加起来是多少?请四舍五入保留小数点两位。,34
669,"在20191231的年报(含半年报)中，广发景宁纯债债券A基金的债券持仓,其持有最大仓位的债券类型是什么?",5
670,20210427港股下跌的股票家数有多少家?,10
671,请帮我查询下，在2021年06月的报告中，报告期基金总申购份额和报告期基金总赎回份额差额最大的一只基金的简称是什么？差额有多少？保留两位小数。,0
673,在2021年的年度报告里，交银施罗德基金管理有限公司管理的基金中，有多少比例的基金是个人投资者持有的份额超过机构投资者？希望得到一个精确到两位小数的百分比。,21
674,请查询：在2020的年度报告中，个人投资者持有基金份额大于机构投资者持有基金份额的基金属于货币型类型的有几个。,16
675,帮我查询在2020年12月31日，代码为008303的基金前20大重仓股票中属于中信二级其他医药医疗行业的平均市值是多少？小数点后保留不超过3位。,29
676,请帮我查询在截止2021-09-30的基金定期报告中，基金总赎回份额为零的基金有几个？,1
677,帮我查一下在2021年，代码为002300的A股股票今开盘高于昨收盘的天数？,2
679,请列出博时基金管理有限公司在2019年成立并且托管人为平安银行股份有限公司的所有基金的基金托管费率的平均数。,15
680,"请帮我查询下在2020年, 永赢基金管理有限公司管理的债券型基金中，持有过超短期融资券的基金有多少只？",35
683,帮我查询在2020年12月31日，代码为009926的基金前20大重仓股票中属于中信二级其他军工Ⅱ行业的平均市值是多少？小数点后保留不超过3位。,29
686,请列出格林基金管理有限公司在2020年成立并且托管人为中国农业银行股份有限公司的所有基金的基金托管费率的平均数。,15
688,"帮我算一下在20211108,代码为00159的港股日价格振幅是多少，小数点后保留不超过3位。",55
689,2021年一季度，有多少家基金发生了净赎回?总共赎回了多少份额?记得给我四舍五入到小数点后两位哦。,33
690,请帮我查询下股票代码为002560的股票在2020年内最高日收盘价是多少？,51
695,请查询在2021年度，688656股票涨停天数？   解释：（收盘价/昨日收盘价-1）》=9.8% 视作涨停,26
698,"帮我算一下在20190828,代码为08613的港股日价格振幅是多少，小数点后保留不超过3位。",55
706,我想知道2020年的中期报告中，机构投资者持有的份额占比超过75%的基金有多少，并且他们总共持有了多少?记得帮我保留两位小数。,24
707,20200424日，一级行业为汽车的股票的成交金额合计是多少？取整。,7
708,民生加银睿智一年定期开放债券基金在20200930的季报里，前三大持仓占比的债券名称是什么?,18
709,请帮我计算，代码为600510的股票，2020年一年持有的年化收益率有多少？百分数请保留两位小数。年化收益率定义为：（（有记录的一年的最终收盘价-有记录的一年的年初当天开盘价）/有记录的一年的当天开盘价）* 100%。,36
710,我想知道2020年的中期报告中，机构投资者持有的份额占比超过30%的基金有多少，并且他们总共持有了多少?记得帮我保留两位小数。,24
714,信澳慧管家货币B基金在20210630的季报里，前三大持仓占比的债券名称是什么?,18
715,查询下基金代码009250的基金，它的托管人是？,50
716,我想知道招商安元灵活配置混合C基金在20191231的季报中，其可转债持仓占比最大的是哪个行业？用申万一级行业来统计。,4
718,我想知道股票301096在申万行业分类下的二级行业是什么？用最新的数据。,17
719,帮我查询在2020年12月31日，代码为009902的基金前20大重仓股票中属于中信二级生物医药Ⅱ行业的平均市值是多少？小数点后保留不超过3位。,29
722,在2021年的中期报告里，易方达基金管理有限公司管理的基金中，有多少比例的基金是个人投资者持有的份额超过机构投资者？希望得到一个精确到两位小数的百分比。,21
725,在2021年12月年报(含半年报)中，国泰君安君得鑫两年持有期混合C基金持有市值最多的前10只股票中，所在证券市场是上海证券交易所的有几个？,46
727,2021年中期报告里，西部利得基金管理有限公司管理的基金中，机构投资者持有份额比个人投资者多的基金有多少只?,30
728,"我想了解一下兴业基金管理有限公司2020年成立的混合型基金,其管理费率的平均值是多少?请四舍五入保留小数点两位。",23
730,在20201031，按照申万行业分类的行业划分标准，哪个一级行业的A股公司数量最多？,44
731,请查询：在2021的年度报告中，个人投资者持有基金份额大于机构投资者持有基金份额的基金属于债券型类型的有几个。,16
732,我想知道易方达裕富债券A基金在20200630的季报中，其可转债持仓占比最大的是哪个行业？用申万一级行业来统计。,4
734,请问在非银金融行业，20190603行业的A股公司有多少?,43
736,查询下基金代码007059的基金，它的管理费率是？,50
738,"请帮我查询下在2019年, 山西证券股份有限公司管理的债券型基金中，持有过公司债券的基金有多少只？",35
739,我想知道建信基金管理有限责任公司在2020年成立了多少只管理费率小于0.8%的基金？,9
740,"请帮我查询下在2020年, 安信基金管理有限责任公司管理的债券型基金中，持有过超短期融资券的基金有多少只？",35
741,"请查询：2019年12月年报(含半年报),持有19农业银行CD207且是前10大重仓股的基金有几个？",25
743,请查询在20210301日期，中信行业分类下电子一级行业中，当日收盘价波动最大（即最高价与最低价之差最大）的股票代码是什么？,27
747,我想知道易方达恒盛3个月定期开放混合基金在20210930的季报中，其可转债持仓占比最大的是哪个行业？用申万一级行业来统计。,4
748,我想知道汇添富悦享定期开放混合基金，在2021年年度报告中，前10大重仓股中，有多少只股票在报告期内取得正收益。,12
749,我想知道股票300645在申万行业分类下的二级行业是什么？用最新的数据。,17
751,"请查询：2020年12月年报(含半年报),持有20交投Y4且是前10大重仓股的基金有几个？",25
753,20201027日，请给出华安添瑞6个月持有期混合C基金的管理人和累计单位净值。,14
758,我想知道交银施罗德可转债债券C基金在20200331的季报中，其可转债持仓占比最大的是哪个行业？用申万一级行业来统计。,4
759,在2020年12月季报中，持有温氏股份这一股票且市值占基金资产净值比不小于5%的有几只基金？,39
760,我想知道金鹰鑫益灵活配置混合E基金在20190930的季报中，其可转债持仓占比最大的是哪个行业？用申万一级行业来统计。,4
762,20211104日，开盘价较上一交易日最高价高的股票有多少只？（如上一交易日没有某只股票，则不统计在内）,22
763,我想知道国泰信用互利债券A基金在20211231的季报中，其可转债持仓占比最大的是哪个行业？用申万一级行业来统计。,4
764,请帮我查询下股票代码为002925的股票在2021年内最高日收盘价是多少？,51
767,请帮我查询在截止2020-06-30的基金定期报告中，基金总赎回份额为零的基金有几个？,1
768,请查询在2020年度，300397股票涨停天数？   解释：（收盘价/昨日收盘价-1）》=9.8% 视作涨停,26
769,请问股票代码为600578的股票在2019年内日成交量低于该股票当年平均日成交量的有多少个交易日？,42
773,2020年一季度，有多少家基金发生了净赎回?总共赎回了多少份额?记得给我四舍五入到小数点后两位哦。,33
774,帮我查一下在2020年，代码为000929的A股股票今开盘高于昨收盘的天数？,2
775,我想知道鹏华丰诚债券A基金在20200930的季报中，其可转债持仓占比最大的是哪个行业？用申万一级行业来统计。,4
777,请帮我查询出20210511日，建筑装饰一级行业涨幅超过5%（不包含）的股票数量。,31
779,请帮我查询下股票代码为002870的股票在2021年内最高日收盘价是多少？,51
780,帮我查一下在2020年，代码为601028的A股股票今开盘高于昨收盘的天数？,2
781,20190917日，成交金额最大的前三家上市公司的股票代码是什么？按成交金额从大到小给出,13
783,20190401日，成交金额最大的前三家上市公司的股票代码是什么？按成交金额从大到小给出,13
784,我想知道信澳量化多因子混合(LOF)A在2020年Q1的季报中，该基金的第5大重仓股的代码是什么?,49
785,20190726日，一级行业为化工的股票的成交量合计是多少？取整。,7
787,我想知道在2019年，广发基金管理有限公司已发行的基金中，有多少只基金报告期期初基金总份额小于报告期期末基金总份额(使用每只基金当年最晚的定期报告数据计算)？,20
789,请帮我查询在截止2019-03-31的基金定期报告中，基金总赎回份额为零的基金有几个？,1
792,"请查询：2019年12月年报(含半年报),持有19农业银行CD120且是前10大重仓股的基金有几个？",25
798,国寿安保泰恒纯债债券基金在20200630且报告类型是年报(含半年报)的持债市值中，哪类债券市值最高？,52
802,在2020年的年度报告里，华安基金管理有限公司管理的基金中，有多少比例的基金是个人投资者持有的份额超过机构投资者？希望得到一个精确到两位小数的百分比。,21
804,请问2020年一季度有多少家基金是净申购?它们的净申购份额加起来是多少?请四舍五入保留小数点两位。,34
805,请帮我计算，代码为300142的股票，2020年一年持有的年化收益率有多少？百分数请保留两位小数。年化收益率定义为：（（有记录的一年的最终收盘价-有记录的一年的年初当天开盘价）/有记录的一年的当天开盘价）* 100%。,36
806,请问2021年四季度有多少家基金是净申购?它们的净申购份额加起来是多少?请四舍五入保留小数点两位。,34
808,20190408日，开盘价较上一交易日最高价高的股票有多少只？（如上一交易日没有某只股票，则不统计在内）,22
812,20210218港股下跌的股票家数有多少家?,10
814,请问股票代码为600601的股票在2019年内日成交量低于该股票当年平均日成交量的有多少个交易日？,42
816,"请帮我查询在2020年,恒生前海基金管理有限公司成立哪种类型的基金个数最多?",32
817,请帮我查询下股票代码为301182的股票在2021年内最高日收盘价是多少？,51
819,招商基金管理有限公司管理的混合型产品的数量有多少?,54
820,请查询：在20190729，属于申万二级橡胶行业的A股股票，它们的平均成交金额是多少？小数点后保留不超过5位。,48
822,融通增强收益债券C基金在20201231的季报里，前三大持仓占比的债券名称是什么?,18
823,请查询：在20190906，属于申万二级营销传播行业的A股股票，它们的平均成交金额是多少？小数点后保留不超过5位。,48
824,2019年三季度，有多少家基金发生了净赎回?总共赎回了多少份额?记得给我四舍五入到小数点后两位哦。,33
825,在2021年11月22日，使用中信行业分类标准，股票代码600267是属于哪个一级行业的?,40
828,20201231日，建筑装饰一级行业有多少只A股股票？,41
829,请帮我计算，代码为601117的股票，2020年一年持有的年化收益率有多少？百分数请保留两位小数。年化收益率定义为：（（有记录的一年的最终收盘价-有记录的一年的年初当天开盘价）/有记录的一年的当天开盘价）* 100%。,36
831,在2019年报中，中科沃土沃瑞灵活配置混合C基金第七大重仓股的代码和股票名称是什么？,56
832,20200616日，成交金额最大的前三家上市公司的股票代码是什么？按成交金额从大到小给出,13
833,2020年四季度，有多少家基金发生了净赎回?总共赎回了多少份额?记得给我四舍五入到小数点后两位哦。,33
838,20210907日，一级行业为家用电器的股票的成交量合计是多少？取整。,7
839,我想知道泰康申润一年持有期混合C基金在20210331的季报中，其可转债持仓占比最大的是哪个行业？用申万一级行业来统计。,4
840,20190812日，一级行业为家用电器的股票的成交金额合计是多少？取整。,7
841,我想知道蜂巢基金管理有限公司在2020年成立了多少只管理费率小于0.8%的基金？,9
842,"假设股票日收益率计算公式为：日收益率 = （当日收盘价-昨收盘价）/昨收盘价。请帮我找到在2019年，中信行业分类行业划分标准,建筑一级行业中, 代码为多少的股票的日均收益率最高？",28
845,在2021年报中，荃银高科和格力地产分别在多少只基金的前10大重仓股里？,41
846,请帮我查询在截止2019-09-30的报告期间，基金总份额降低的基金数量是多少？,45
848,"请帮我查询下在2020年, 西部利得基金管理有限公司管理的债券型基金中，持有过可交换公司债券的基金有多少只？",35
849,20201207日，请给出嘉合永泰优选三个月持有期混合(FOF)C基金的管理人和累计单位净值。,14
850,请帮我计算，代码为000776的股票，2020年一年持有的年化收益率有多少？百分数请保留两位小数。年化收益率定义为：（（有记录的一年的最终收盘价-有记录的一年的年初当天开盘价）/有记录的一年的当天开盘价）* 100%。,36
852,"请帮我查询下，在20201030，中信行业分类里一级行业为房地产行业的所有股票里, 成交金额(元)最多的股票的代码是什么？成交金额是多少？",37
858,20200617日，成交金额最大的前三家上市公司的股票代码是什么？按成交金额从大到小给出,13
859,我想知道鹏扬聚利六个月持有期债券A基金在20201231的年报(含半年报)中，其可转债持仓占比最大的是哪个行业？用中信一级行业来统计。,4
860,请帮我查询下，在2021年03月的报告中，报告期基金总申购份额和报告期基金总赎回份额差额最大的一只基金的简称是什么？差额有多少？保留两位小数。,0
863,20210701日，请给出博道嘉兴一年持有期混合基金的管理人和累计单位净值。,14
864,请查询：在20200319，属于申万二级电气自动化设备行业的A股股票，它们的平均成交金额是多少？小数点后保留不超过5位。,48
865,西部利得得尊纯债债券C基金在20211231且报告类型是季报的持债市值中，哪类债券市值最高？,52
869,我想知道长城品质成长混合C基金，在2021年半年度报告中，前10大重仓股中，有多少只股票在报告期内取得正收益。,12
870,鹏华添利宝货币B基金在20210331且报告类型是季报的持债市值中，哪类债券市值最高？,52
872,请帮我查询在截止2019-06-30的基金定期报告中，基金总赎回份额为零的基金有几个？,1
873,在2020年12月年报(含半年报)中，中欧真益稳健一年持有期混合C基金持有市值最多的前10只股票中，所在证券市场是深圳证券交易所的有几个？,46
874,请帮我查询下，在2020年03月的报告中，报告期基金总申购份额和报告期基金总赎回份额差额最大的一只基金的简称是什么？差额有多少？保留两位小数。,0
875,20190129日，成交金额最大的前三家上市公司的股票代码是什么？按成交金额从大到小给出,13
876,在2019年12月季报中，持有长实集团这一股票且市值占基金资产净值比不小于5%的有几只基金？,39
877,2019年四季度，有多少家基金发生了净赎回?总共赎回了多少份额?记得给我四舍五入到小数点后两位哦。,33
882,在2020年12月季报中，持有九洲药业这一股票且市值占基金资产净值比不小于5%的有几只基金？,39
883,"在20200630的年报(含半年报)中，国泰农惠定期开放债券基金的债券持仓,其持有最大仓位的债券类型是什么?",5
888,查询下基金代码010663的基金，它的管理费率是？,50
889,请帮我查询在截止2020-09-30的基金定期报告中，基金总赎回份额为零的基金有几个？,1
891,20200907日，请给出华宝大健康混合A基金的管理人和累计单位净值。,14
892,我想知道凯石沣混合C基金在20201231的年报(含半年报)中，其可转债持仓占比最大的是哪个行业？用中信一级行业来统计。,4
893,在2020年报中，招商沪深300高贝塔指数基金第三大重仓股的代码和股票名称是什么？,56
895,在2021年报中，鹏华核心优势混合A基金第十大重仓股的代码和股票名称是什么？,56
896,2021年四季度，有多少家基金发生了净赎回?总共赎回了多少份额?记得给我四舍五入到小数点后两位哦。,33
897,20211027日，请给出光大阳光稳债收益12个月持有期债券C基金的管理人和单位净值。单位净值保留两位小数。,14
898,我想知道在2020年，南方基金管理股份有限公司已发行的基金中，有多少只基金报告期期初基金总份额小于报告期期末基金总份额(使用每只基金当年最晚的定期报告数据计算)？,20
899,请查询：在20201130，属于申万二级农产品加工行业的A股股票，它们的平均成交金额是多少？小数点后保留不超过5位。,48
900,我想知道在2019年，泓德基金管理有限公司已发行的基金中，有多少只基金报告期期初基金总份额小于报告期期末基金总份额(使用每只基金当年最晚的定期报告数据计算)？,20
902,在2019年报中，鹏华核心优势混合A基金第四大重仓股的代码和股票名称是什么？,56
903,20190724日，一级行业为医药生物的股票的成交量合计是多少？取整。,7
904,股票600290在20211105日期中的收盘价是多少?（小数点保留3位）,47
905,请问2020年二季度有多少家基金是净申购?它们的净申购份额加起来是多少?请四舍五入保留小数点两位。,34
906,我想知道前海开源中药研究精选股票A在2021年Q2的季报中，该基金的第4大重仓股的代码是什么?,49
908,请问2021年一季度有多少家基金是净申购?它们的净申购份额加起来是多少?请四舍五入保留小数点两位。,34
910,请帮我计算，代码为603937的股票，2020年一年持有的年化收益率有多少？百分数请保留两位小数。年化收益率定义为：（（有记录的一年的最终收盘价-有记录的一年的年初当天开盘价）/有记录的一年的当天开盘价）* 100%。,36
911,"我想了解一下银华基金管理股份有限公司2020年成立的债券型基金,其管理费率的平均值是多少?请四舍五入保留小数点两位。",23
912,"请查询：2020年12月年报(含半年报),持有16华润01且是前10大重仓股的基金有几个？",25
913,在2021年的中期报告里，博时基金管理有限公司管理的基金中，有多少比例的基金是个人投资者持有的份额超过机构投资者？希望得到一个精确到两位小数的百分比。,21
914,20201116日，一级行业为综合金融的股票的成交量合计是多少？取整。,7
917,在2020年报中，南方荣尊混合A基金第六大重仓股的代码和股票名称是什么？,56
919,2019年中期报告里，东方基金管理股份有限公司管理的基金中，机构投资者持有份额比个人投资者多的基金有多少只?,30
920,请帮我计算：在20190612，日收益率为负的A股股票有几个。,7
923,我想知道兴全合宜灵活配置混合(LOF)C在2021年Q1的季报中，该基金的第2大重仓股的代码是什么?,49
925,请帮我查询下股票代码为600351的股票在2021年内最高日收盘价是多少？,51
931,"假设股票日收益率计算公式为：日收益率 = （当日收盘价-昨收盘价）/昨收盘价。请帮我找到在2020年，中信行业分类行业划分标准,非银行金融一级行业中, 代码为多少的股票的日均收益率最高？",28
934,20210429港股下跌的股票家数有多少家?,10
935,请帮我查询下，在2021年09月的报告中，报告期基金总申购份额和报告期基金总赎回份额差额最大的一只基金的简称是什么？差额有多少？保留两位小数。,0
936,我想知道在20200930的季报里，东兴中证消费50指数C投资的股票分别是哪些申万一级行业？,53
938,帮我查一下上银中证500指数增强C基金在20210827的资产净值和单位净值是多少?,38
939,请帮我查询出20210712日，建材一级行业涨幅超过5%（不包含）的股票数量。,31
940,请帮我查询下，在2020年Q4季报报告中，008572基金的第一大重仓可转债同期还有多少只基金也进行了持仓？,3
942,"在20190630的年报(含半年报)中，德邦锐兴债券A基金的债券持仓,其持有最大仓位的债券类型是什么?",5
944,招商基金管理有限公司管理的股票型产品的数量有多少?,6
945,查询下基金代码009106的基金，它的托管费率是？,50
949,在2019年1月27日，使用中信行业分类标准，股票代码002051是属于哪个一级行业的?,40
950,查询下基金代码009104的基金，它的管理费率是？,50
951,请查询：在20200629，属于申万二级金属非金属新材料行业的A股股票，它们的平均成交金额是多少？小数点后保留不超过5位。,48
952,我想知道华夏创业板动量成长ETF基金，在2021年年度报告中，前10大重仓股中，有多少只股票在报告期内取得正收益。,12
953,我想知道淳厚基金管理有限公司在2019年成立了多少只管理费率小于0.8%的基金？,9
954,在20191007，按照申万行业分类的行业划分标准，哪个一级行业的A股公司数量最多？,44
955,"请帮我查询在2019年,宏利基金管理有限公司成立哪种类型的基金个数最多?",32
959,博时双季享六个月持有期债券C基金在20210630的季报里，前三大持仓占比的债券名称是什么?,18
961,国泰宏益一年持有期混合A基金在20210630且报告类型是年报(含半年报)的持债市值中，哪类债券市值最高？,52
962,请查询：在2021的年度报告中，个人投资者持有基金份额大于机构投资者持有基金份额的基金属于股票型类型的有几个。,16
963,20191030日，成交金额最大的前三家上市公司的股票代码是什么？按成交金额从大到小给出,13
968,20191231日，创世纪在多少只基金的前十大重仓股中？,41
970,请问2019年一季度有多少家基金是净申购?它们的净申购份额加起来是多少?请四舍五入保留小数点两位。,34
973,请问2019年四季度有多少家基金是净申购?它们的净申购份额加起来是多少?请四舍五入保留小数点两位。,34
975,请查询：在20190304，属于申万二级电气自动化设备行业的A股股票，它们的平均成交金额是多少？小数点后保留不超过5位。,48
976,"请查询：2019年12月年报(含半年报),持有15象屿MTN002且是前10大重仓股的基金有几个？",25
977,帮我查一下易方达科融混合基金在20190426的资产净值和单位净值是多少?,38
978,2019年年度报告里，格林基金管理有限公司管理的基金中，机构投资者持有份额比个人投资者多的基金有多少只?,30
979,在2019年12月季报中，持有山东黄金这一股票且市值占基金资产净值比不小于5%的有几只基金？,39
982,我想知道诺安鼎利混合A基金在20210930的季报中，其可转债持仓占比最大的是哪个行业？用申万一级行业来统计。,4
983,中加优选中高等级债券C基金在20200331的季报里，前三大持仓占比的债券名称是什么?,18
984,请列出国泰基金管理有限公司在2019年成立并且托管人为中国工商银行股份有限公司的所有基金的基金托管费率的平均数。,15
985,20200908日，成交金额最大的前三家上市公司的股票代码是什么？按成交金额从大到小给出,13
989,我想知道广发睿享稳健增利混合A基金，在2019年年度报告中，前10大重仓股中，有多少只股票在报告期内取得正收益。,12
990,我想知道2019年的中期报告中，机构投资者持有的份额占比超过50%的基金有多少，并且他们总共持有了多少?记得帮我保留两位小数。,24
991,"我想了解一下格林基金管理有限公司2020年成立的债券型基金,其管理费率的平均值是多少?请四舍五入保留小数点两位。",23
993,嘉合磐泰短债债券C基金在20200630的季报里，前三大持仓占比的债券名称是什么?,18
994,请帮我查询在截止2021-12-31的报告期间，基金总份额降低的基金数量是多少？,45
995,股票000833在20190102日期中的收盘价是多少?（小数点保留3位）,47
998,在2020年报中，交银施罗德可转债债券A基金第七大重仓股的代码和股票名称是什么？,56
